0,100,N/A,0.0,1,25,0.907663203041521,0.00163042969400512,1.0005650036188736,0.002562109338728802,2.0,43.5,0.01,17853.0
0,100,N/A,0.0,1,50,0.9057371480537038,0.005706979250841904,1.0009938931205093,6.552205651516596E-4,2.0,49.5,0.01,22450.0
0,100,N/A,0.0,1,100,0.9103069008722947,0.004003045600087796,0.9996178766236532,0.001313529720579798,2.0,52.5,0.01,23138.0
0,100,N/A,0.0,1,200,0.9044954088154901,0.0040660656000833795,0.9995192462705891,0.003828906273945887,2.0,44.0,0.01,22737.0
0,100,N/A,0.0,2,25,0.9228434572316766,8.46344218999262E-4,1.0015419864828456,9.356745437475444E-4,2.0,74.5,0.01,17964.0
0,100,N/A,0.0,2,50,0.9231277373648329,0.0022764166888532555,1.0004346910780302,0.0011059397922022485,2.0,78.0,0.01,22205.0
0,100,N/A,0.0,2,100,0.924472542929807,8.393494317469052E-4,1.0017083206462731,0.0024201411359156544,2.0,80.5,0.01,19751.0
0,100,N/A,0.0,2,200,0.9253729428620636,0.004865668315557736,0.9985294360848764,7.97650154298557E-4,2.0,85.5,0.01,23277.0
0,100,N/A,0.0,4,25,0.9270760485436947,0.0033365201009817325,0.9988388491483388,0.001490651119106956,2.0,122.5,0.01,23253.0
0,100,N/A,0.0,4,50,0.9281870519213202,0.0012856696413195423,0.9966222060536705,0.0012708760081406312,2.0,120.5,0.01,23292.0
0,100,N/A,0.0,4,100,0.9306463400978408,0.004251413156786454,1.002217696981611,1.3223443666532386E-4,2.0,129.5,0.01,23904.0
0,100,N/A,0.0,4,200,0.9279127503927513,0.005092135552031252,0.998226911116556,0.002599994587089427,2.0,130.5,0.01,24432.0
0,100,N/A,0.0,8,25,0.939979889735156,0.0012798954782853311,0.9994478587672002,4.638372324950457E-4,2.0,196.5,0.01,25520.0
0,100,N/A,0.0,8,50,0.9393933595985161,0.0023026923044137115,0.9993765739230134,1.0448093516129964E-4,2.0,184.5,0.01,25135.0
0,100,N/A,0.0,8,100,0.9381913078910722,0.005248034283796443,1.000720100393677,0.0018761011815427442,2.0,196.0,0.01,25696.0
0,100,N/A,0.0,8,200,0.940200961885495,6.519593801583845E-4,0.9965769375187279,5.968405168582658E-5,2.0,207.0,0.01,25669.0
0,100,N/A,0.0,16,25,0.948262635103338,0.004578785334965252,1.006025911490616,0.004209115769813532,2.0,261.0,0.01,22338.0
0,100,N/A,0.0,16,50,0.9437808752543196,0.00610424704147472,0.9999987314519914,0.005803102927972981,2.0,288.5,0.01,27065.0
0,100,N/A,0.0,16,100,0.9497434629960053,0.003084634989015289,1.0076273976323267,0.0059092086468743865,2.0,295.5,0.01,24861.0
0,100,N/A,0.0,16,200,0.9524038791130665,0.0030461955830347054,1.0009420305521979,9.420305521967709E-4,2.0,322.5,0.01,18057.0
0,200,N/A,0.0,1,25,0.9226199541021975,0.0010467860520555483,1.001094746934299,0.0010947469343013938,2.0,69.0,0.01,14491.0
0,200,N/A,0.0,1,50,0.929048525254001,0.0016066311477951345,1.0005257463220882,6.314277492652787E-4,2.0,66.0,0.01,21782.0
0,200,N/A,0.0,1,100,0.9222186203356703,0.003174690249949541,0.998929167079137,1.739707548754632E-4,2.0,66.5,0.01,21996.0
0,200,N/A,0.0,1,200,0.9194385878789869,0.0020068995092549224,1.0000648416930038,7.158512621842084E-4,2.0,71.0,0.01,21284.0
0,200,N/A,0.0,2,25,0.9364236083426778,7.413842578634645E-4,1.0019237941477859,0.0022780641191778583,2.0,102.0,0.01,22732.0
0,200,N/A,0.0,2,50,0.9361570097106047,0.004651182600593717,0.998772447494197,4.410744055419191E-4,2.0,102.5,0.01,23173.0
0,200,N/A,0.0,2,100,0.9369763275270022,0.004362952480707949,0.9972958155679208,2.9768093619392255E-4,2.0,108.0,0.01,22521.0
0,200,N/A,0.0,2,200,0.9334589620355167,5.125870335023208E-4,1.0001342664004582,1.9575357042339592E-4,2.0,106.0,0.01,22247.0
0,200,N/A,0.0,4,25,0.9420868087467762,0.001573391841714733,1.0004964518201116,5.55868209978494E-4,2.0,160.5,0.01,23698.0
0,200,N/A,0.0,4,50,0.9433212442598031,5.563511871065074E-4,1.0002362231131967,7.904782114009912E-5,2.0,157.5,0.01,23726.0
0,200,N/A,0.0,4,100,0.9387890616615252,0.0018611080578984085,0.997361607805913,6.401040122120394E-4,2.0,163.0,0.01,24380.0
0,200,N/A,0.0,4,200,0.9414479589933125,0.0017342532065209304,1.0010967231678767,9.273389124546672E-4,2.0,166.5,0.01,24663.0
0,200,N/A,0.0,8,25,0.944979818894203,0.0015340360772266859,0.9989429462859117,7.646660480817857E-4,2.0,211.5,0.01,25153.0
0,200,N/A,0.0,8,50,0.9481250904065668,7.022145197250196E-4,1.0009287238018318,5.400483550555002E-5,2.0,213.5,0.01,25058.0
0,200,N/A,0.0,8,100,0.9472461897956866,3.062325424408874E-4,0.9981341566445756,0.001979533612465667,2.0,239.5,0.01,25100.0
0,200,N/A,0.0,8,200,0.9477218181772827,4.4858809706027625E-4,0.9990706136705292,0.0012435850313101127,2.0,240.0,0.01,26160.0
0,200,N/A,0.0,16,25,0.9494654608635062,0.0017591425917533043,0.9989849111886557,8.313589437604074E-4,2.0,289.5,0.01,26490.0
0,200,N/A,0.0,16,50,0.952597557328228,0.0017427200655864006,1.00124749711727,6.104257070174146E-4,2.0,328.0,0.01,26790.0
0,200,N/A,0.0,16,100,0.9516604940433924,0.0010063038788517553,0.9985902765373912,0.00108315009684401,2.0,349.0,0.01,27618.0
0,200,N/A,0.0,16,200,0.9505836357643151,0.0014090097507599708,0.9972710832840652,0.0014402291376269805,2.0,342.5,0.01,27766.0
0,300,N/A,0.0,1,25,0.9332157597038446,0.0020424685253404573,1.000157573142254,9.581897243565174E-4,2.0,94.0,0.01,21595.0
0,300,N/A,0.0,1,50,0.9272324582773961,3.578454935836972E-4,1.0005250209648295,7.65259182254896E-5,2.0,77.0,0.01,20915.0
0,300,N/A,0.0,1,100,0.9233528805466289,7.246211560386628E-4,1.0002003319316626,9.299767531674719E-4,2.0,74.0,0.01,22189.0
0,300,N/A,0.0,1,200,0.9234174066856182,0.0016804085448806072,0.9988540111228893,0.0013398961773137819,2.0,82.0,0.01,21472.0
0,300,N/A,0.0,2,25,0.938157614861186,9.447226950483056E-4,0.9987739371291817,8.625215898492855E-4,2.0,132.0,0.01,22950.0
0,300,N/A,0.0,2,50,0.9395246792835192,0.001685560337332137,0.9955686801513715,0.004431319848628157,2.0,129.0,0.01,12824.0
0,300,N/A,0.0,2,100,0.9385454648905744,0.002920530502144192,0.9990835785792516,7.093097696405093E-4,2.0,140.5,0.01,23312.0
0,300,N/A,0.0,2,200,0.9392997718547624,0.00511420384290262,0.9979700523620187,0.0019255196238245342,2.0,134.0,0.01,23346.0
0,300,N/A,0.0,4,25,0.9427598618385826,0.004379460881342501,1.0008188196256806,8.62507976712612E-4,2.0,179.5,0.01,24305.0
0,300,N/A,0.0,4,50,0.9380236092109646,0.0029288563286692937,0.9929089230396295,0.0030397740680194185,2.0,202.0,0.01,21471.0
0,300,N/A,0.0,4,100,0.944107407030738,0.002234613534108809,0.9959266791144504,0.005129401327468419,2.0,208.0,0.01,22104.0
0,300,N/A,0.0,4,200,0.9448596451435469,7.786925671290912E-4,1.0004502195241283,0.0020997040396434907,2.0,210.0,0.01,25675.0
0,300,N/A,0.0,8,25,0.9466987687746502,0.0010054295257678758,0.9999460832931717,8.443222301415809E-4,2.0,268.0,0.01,25660.0
0,300,N/A,0.0,8,50,0.9478605529830451,0.0023039262404130345,1.0010555543861712,2.479253882087251E-4,2.0,293.5,0.01,27358.0
0,300,N/A,0.0,8,100,0.9481370100451143,3.3733203471664197E-6,1.002195520277818,1.3350682835200356E-4,2.0,316.0,0.01,27581.0
0,300,N/A,0.0,8,200,0.9511893615790167,0.0021631455587276527,1.0002220916943143,9.072149420411568E-4,2.0,303.0,0.01,26854.0
0,300,N/A,0.0,16,25,0.9541297474353507,0.006612005091431061,1.0051914387401144,0.006966709974586205,2.0,354.0,0.01,24131.0
0,300,N/A,0.0,16,50,0.9565243026669106,0.0040794361630734355,1.001329590957026,0.0013295909570262832,2.0,432.5,0.01,20063.0
0,300,N/A,0.0,16,100,0.9550708620262631,0.001720610581472659,1.0051799090384232,0.0014702678434808103,2.0,445.0,0.01,37655.0
0,300,N/A,0.0,16,200,0.9517590914500289,8.031331558138177E-4,0.99834209094177,0.0010233973479809588,2.0,481.5,0.01,44483.0
0,400,N/A,0.0,1,25,0.932800293058956,5.945972702816604E-4,0.996885964780213,0.00408539374039385,2.0,98.5,0.01,33274.0
0,400,N/A,0.0,1,50,0.9383785070564359,0.0037974162183683213,0.9979694894274076,0.007189730269744565,2.0,123.0,0.01,41417.0
0,400,N/A,0.0,1,100,0.936799633120059,2.636898542712207E-4,0.9994261764224119,3.0138719616484844E-4,2.0,107.0,0.01,36030.0
0,400,N/A,0.0,1,200,0.9294095975978899,0.001441579544219529,1.0008258402696497,0.0014248325651158855,2.0,114.5,0.01,38216.0
0,400,N/A,0.0,2,25,0.9392440575640921,0.0014284689613119905,0.9975684186910767,0.0011123337045147452,2.0,150.0,0.01,40979.0
0,400,N/A,0.0,2,50,0.9414223300560218,0.002333825252928634,0.9998877060730293,1.4739573356087332E-4,2.0,174.0,0.01,38664.0
0,400,N/A,0.0,2,100,0.9449889579973285,0.004084990318626025,1.002021519352485,0.0023220937253508045,2.0,172.0,0.01,40964.0
0,400,N/A,0.0,2,200,0.9397192030556873,7.450659082419708E-5,1.0013382381858325,2.0001585241868902E-4,2.0,173.0,0.01,42110.0
0,400,N/A,0.0,4,25,0.9482389495227919,0.002280992483382094,1.0030968171203514,0.00172522806392017,2.0,251.5,0.01,49545.0
0,400,N/A,0.0,4,50,0.94439583831415,9.951785441814076E-4,1.0013692060186785,0.002320144626244247,2.0,260.5,0.01,52614.0
0,400,N/A,0.0,4,100,0.9468626936457771,0.00194988905568938,1.000537389881878,9.642816824267375E-4,2.0,259.0,0.01,58058.0
0,400,N/A,0.0,4,200,0.9475128316431933,0.0024990597002521597,0.9993120460755156,7.092493909540144E-4,2.0,255.5,0.01,44897.0
0,400,N/A,0.0,8,25,0.9478972726355065,0.0013217452108242878,0.9993894859266189,0.0017018626299120099,2.0,344.0,0.01,52248.0
0,400,N/A,0.0,8,50,0.9489110126229328,8.606071350626965E-4,1.0009696641084072,6.292385346395868E-4,2.0,393.0,0.01,53271.0
0,400,N/A,0.0,8,100,0.9507539452527751,0.0017763447700880897,1.000551031838528,0.0021026009527884693,2.0,403.0,0.01,55860.0
0,400,N/A,0.0,8,200,0.9499503221038144,4.538846362383553E-4,1.0012793406271023,0.0027493247857810488,2.0,408.0,0.01,55762.0
0,400,N/A,0.0,16,25,0.9520830956869338,3.1495070928300173E-4,0.9999214509611645,7.522151149867984E-4,2.0,502.5,0.01,55624.0
0,400,N/A,0.0,16,50,0.9572750183618104,0.007441196371675285,0.9994834438893991,5.165561105991423E-4,2.0,568.5,0.01,38241.0
0,400,N/A,0.0,16,100,0.9598595976839492,0.005727570667141191,1.0005946056742978,5.946056742953676E-4,2.0,603.0,0.01,38167.0
0,400,N/A,0.0,16,200,0.9549785888856457,5.897259341755556E-4,1.0007576893759365,0.002025855047377234,2.0,610.5,0.01,66757.0
0,500,N/A,0.0,1,25,0.9359187246666121,0.0023442549917304656,1.0014866155122837,3.608903703603561E-4,2.0,117.5,0.01,42477.0
0,500,N/A,0.0,1,50,0.9344932554033756,0.004614777231475797,1.0000630975082854,9.823408969184544E-4,2.0,127.0,0.01,44472.0
0,500,N/A,0.0,1,100,0.939425424381599,7.130958736373261E-4,0.9971488984825215,4.0964041091107184E-5,2.0,117.0,0.01,40255.0
0,500,N/A,0.0,1,200,0.9348080961063321,2.584015287981356E-4,1.001235191517547,0.001223356332916814,2.0,124.5,0.01,45408.0
0,500,N/A,0.0,2,25,0.941770107847698,3.5200349545128073E-4,0.9998438279132196,6.3097312315058E-4,2.0,181.0,0.01,44118.0
0,500,N/A,0.0,2,50,0.9407781682763063,2.3430403899182828E-4,0.9976099350779039,5.078927436006353E-4,2.0,184.0,0.01,42431.0
0,500,N/A,0.0,2,100,0.9467514804659187,6.16336560881614E-4,1.0016421411371281,0.0014162247430736796,2.0,192.5,0.01,49605.0
0,500,N/A,0.0,2,200,0.9468273601902515,0.003318414148241744,0.9984519158681486,3.7615222900516665E-4,2.0,184.5,0.01,44204.0
0,500,N/A,0.0,4,25,0.9482465206325424,0.0015494341886063134,0.9998461532178433,0.0012000297441265295,2.0,279.0,0.01,44449.0
0,500,N/A,0.0,4,50,0.9493939928113939,6.40571760069597E-4,1.0009072371223604,3.27360280483191E-4,2.0,268.5,0.01,42487.0
0,500,N/A,0.0,4,100,0.9508125121797589,0.0023206742668627767,0.999812339243086,0.0011184704342642182,2.0,297.0,0.01,51049.0
0,500,N/A,0.0,4,200,0.9526723560899992,0.003939199495644197,1.0025412272965435,0.004284497700179524,2.0,290.0,0.01,40471.0
0,500,N/A,0.0,8,25,0.9519992126780525,1.711555179698121E-4,1.0023117338758487,0.0020332081025941084,2.0,372.0,0.01,47487.0
0,500,N/A,0.0,8,50,0.9527297199073486,8.676212283311169E-4,1.0010978752275843,2.7246116689505495E-4,2.0,414.0,0.01,47367.0
0,500,N/A,0.0,8,100,0.9538029694087398,2.413354666823686E-4,1.0000346161965936,0.0018654894088739327,2.0,436.0,0.01,48453.0
0,500,N/A,0.0,8,200,0.954883600044412,8.385778029976754E-4,1.001406676322787,0.0037263347820580828,2.0,437.5,0.01,44895.0
0,500,N/A,0.0,16,25,0.9544408752009257,0.001982096294876501,1.0011229093220264,0.0013997194710673733,2.0,505.5,0.01,45362.0
0,500,N/A,0.0,16,50,0.9544997153491173,2.402867003327147E-4,0.9995989915991064,9.237822819644914E-4,2.0,584.5,0.01,50276.0
0,500,N/A,0.0,16,100,0.9561577896007853,5.218994824542356E-4,0.998555471473924,2.1305715675251635E-4,2.0,633.5,0.01,55357.0
0,500,N/A,0.0,16,200,0.9557507383821633,2.4768248704742923E-4,1.0001486918856428,6.476702957711189E-4,2.0,636.5,0.01,58107.0
0,600,N/A,0.0,1,25,0.934734176168782,2.0505709688217744E-4,1.0011471373617518,4.982298099888149E-4,2.0,131.0,0.01,28611.0
0,600,N/A,0.0,1,50,0.9395875875633578,0.0011574142331214343,1.0014280532245952,8.658636839157241E-4,2.0,120.5,0.01,29790.0
0,600,N/A,0.0,1,100,0.9352342141183241,4.2545484611700157E-4,0.9984970287265396,0.0015555371991541889,2.0,122.0,0.01,31492.0
0,600,N/A,0.0,1,200,0.9413762288783346,7.702651677742312E-4,1.0001708135139817,5.814388690345007E-4,2.0,126.0,0.01,35927.0
0,600,N/A,0.0,2,25,0.943527666574593,0.004205545900880847,0.9990445582460667,0.003129614082942045,2.0,192.5,0.01,38022.0
0,600,N/A,0.0,2,50,0.9492497677301698,0.0016768396875976865,1.0007273887077366,0.0010617513733605644,2.0,199.0,0.01,31096.0
0,600,N/A,0.0,2,100,0.9455874431775282,0.0012969824181406353,0.9991116406272321,8.416469479889388E-4,2.0,196.5,0.01,37286.0
0,600,N/A,0.0,2,200,0.9475276756307371,9.757292023241937E-4,1.0007601132439303,0.0013266441210170732,2.0,192.5,0.01,32232.0
0,600,N/A,0.0,4,25,0.9506993385471418,0.00100298732702353,1.0000748872282594,0.002037325532023626,2.0,281.5,0.01,31965.0
0,600,N/A,0.0,4,50,0.9492413613207659,4.25105768041556E-4,1.0001143945035191,0.002377395226284773,2.0,290.5,0.01,25827.0
0,600,N/A,0.0,4,100,0.949342953731256,8.135309656841505E-4,1.001950320987933,1.669822521600528E-4,2.0,289.0,0.01,26683.0
0,600,N/A,0.0,4,200,0.9492762069084006,5.144802181003549E-4,0.9956616930507105,0.006612668094089391,2.0,306.0,0.01,22730.0
0,600,N/A,0.0,8,25,0.9505691275143354,5.324402252410154E-4,1.000600925399418,3.034419790547416E-4,2.0,402.0,0.01,28875.0
0,600,N/A,0.0,8,50,0.9528479372920665,0.0015711447174158177,1.0000263233205582,0.0019336511644509335,2.0,453.0,0.01,29333.0
0,600,N/A,0.0,8,100,0.9514941936047777,6.703336659216186E-4,0.9985420548638528,0.0012244414542859627,2.0,442.0,0.01,30084.0
0,600,N/A,0.0,8,200,0.9545973536487002,0.0011515165706948993,0.9997243633138864,0.002642117889833484,2.0,452.5,0.01,30125.0
0,600,N/A,0.0,16,25,0.9609538969562831,0.0066732193919450955,0.9977381050876861,0.0022618949123145993,2.0,598.0,0.01,25672.0
0,600,N/A,0.0,16,50,0.9577295391594178,0.0020730386011570956,1.0008627277106976,0.0032237257349455595,2.0,632.5,0.01,41874.0
0,600,N/A,0.0,16,100,0.9584397276389136,4.274181667648369E-4,1.002388436650935,3.4033366419250477E-4,2.0,624.5,0.01,44815.0
0,600,N/A,0.0,16,200,0.9677768626002928,9.960187916544516E-4,1.0069731553988004,0.008441851817616475,2.0,657.0,0.01,29176.0
0,700,N/A,0.0,1,25,0.9407002310926875,0.0025209862409729666,0.9996266862187908,0.0019534441770485134,2.0,170.0,0.01,31840.0
0,700,N/A,0.0,1,50,0.9415558004176334,0.003221497648649818,1.0038655801617817,0.002612561071634323,2.0,151.0,0.01,29972.0
0,700,N/A,0.0,1,100,0.9403493286490103,0.0016746974542805604,1.0006329139879717,4.9222793403913556E-5,2.0,154.5,0.01,29472.0
0,700,N/A,0.0,1,200,0.9395437747149809,0.0015560095388016948,1.0015073384866024,0.001009679879418468,2.0,167.5,0.01,30949.0
0,700,N/A,0.0,2,25,0.9502595806334775,0.005533730021035188,1.0031158669439884,0.004058608657273199,2.0,248.5,0.01,32203.0
0,700,N/A,0.0,2,50,0.9493930364681165,0.002682619724819646,0.9976335927545034,0.0026781672949599544,2.0,257.0,0.01,28615.0
0,700,N/A,0.0,2,100,0.9468728553999683,0.0035711813657324787,0.9997127959805082,0.003989112801315087,2.0,253.5,0.01,34977.0
0,700,N/A,0.0,2,200,0.9486773531651378,0.0011973477593046344,1.0011422804192838,0.0018249712515887029,2.0,256.5,0.01,36566.0
0,700,N/A,0.0,4,25,0.9556421267813378,0.005716668093390831,0.9999832219728366,1.677802716587573E-5,2.0,365.0,0.01,19119.0
0,700,N/A,0.0,4,50,0.9521943614557353,0.0017288407820655882,0.999691898460467,0.0017479308784245084,2.0,397.0,0.01,36314.0
0,700,N/A,0.0,4,100,0.952029835371641,8.461980729913554E-4,0.9998822665691806,7.217401411881985E-4,2.0,388.0,0.01,37848.0
0,700,N/A,0.0,4,200,0.9535175812470276,0.006076962155746547,1.0027953964287901,0.007631691576160726,2.0,387.5,0.01,38704.0
0,700,N/A,0.0,8,25,0.9530517693869476,0.0012453277800494322,1.0000784459469811,5.701518761647706E-4,2.0,516.5,0.01,41796.0
0,700,N/A,0.0,8,50,0.9544537877990615,8.41095522757962E-4,1.001690802656999,6.881921138135461E-4,2.0,578.0,0.01,49643.0
0,700,N/A,0.0,8,100,0.9530685846129566,6.677957322048789E-4,0.9970721482835139,0.0024661713959555076,2.0,599.5,0.01,57327.0
0,700,N/A,0.0,8,200,0.9550425967583748,7.034364217672895E-5,0.9963674815907607,0.0015594110499745906,2.0,628.5,0.01,55278.0
0,700,N/A,0.0,16,25,0.9615731847655075,0.007623500735810196,0.9988460555123124,0.0011539444876866312,2.0,780.5,0.01,29696.0
0,700,N/A,0.0,16,50,0.9551469207198889,0.001688406878658788,0.9988707383009728,3.718643584592618E-4,2.0,859.0,0.01,54971.0
0,700,N/A,0.0,16,100,0.956509869200449,1.7225350882160706E-4,1.0009863385409843,4.8180275541054307E-4,2.0,943.5,0.01,61743.0
0,700,N/A,0.0,16,200,0.9558295359712485,0.001343458016096477,1.0007957529048541,9.572261115340375E-4,2.0,888.5,0.01,69622.0
0,800,N/A,0.0,1,25,0.9462989955641419,0.0026178923128815645,1.0029825436337192,0.0030552383725731547,2.0,166.5,0.01,35549.0
0,800,N/A,0.0,1,50,0.9400246415694546,7.113597970394014E-4,0.9999622207866141,0.004234844628479173,2.0,148.5,0.01,48825.0
0,800,N/A,0.0,1,100,0.9452804138920037,9.981869326374793E-4,1.0018593506664355,0.0018593506664361104,2.0,156.0,0.01,30511.0
0,800,N/A,0.0,1,200,0.9415504751633581,0.0011590954131798226,0.9996176790481119,7.872937371433686E-4,2.0,147.5,0.01,48954.0
0,800,N/A,0.0,2,25,0.9450288276268275,0.0038848211784792697,1.0010149918970506,0.0010275933303938167,2.0,219.5,0.01,46748.0
0,800,N/A,0.0,2,50,0.9438569367434786,2.1568943830346798E-4,0.9993429160259215,5.463050331958041E-4,2.0,204.0,0.01,44630.0
0,800,N/A,0.0,2,100,0.9481778929027063,9.467141029924075E-4,0.9980616648949601,0.0011402616305783986,2.0,231.0,0.01,50727.0
0,800,N/A,0.0,2,200,0.9462506048243302,6.686441898689499E-4,0.9988699719917888,0.0016254604475802181,2.0,230.5,0.01,51995.0
0,800,N/A,0.0,4,25,0.94640260056571,0.0015134979316751562,0.997134625830608,7.039740807298633E-4,2.0,316.5,0.01,52812.0
0,800,N/A,0.0,4,50,0.95122381029568,5.394454174894592E-4,1.0040045998748428,7.707262270076898E-4,2.0,344.5,0.01,49780.0
0,800,N/A,0.0,4,100,0.952385800234276,3.116462788146368E-4,0.9996103936985653,0.0013451828728817672,2.0,350.0,0.01,49777.0
0,800,N/A,0.0,4,200,0.9500687302134692,4.722131868750701E-5,1.0003311096738619,0.0020753779456630372,2.0,362.5,0.01,51405.0
0,800,N/A,0.0,8,25,0.9508189256882209,0.0011168161302620994,0.9965157840394432,0.0020939009532929265,2.0,456.5,0.01,54284.0
0,800,N/A,0.0,8,50,0.9527968297181313,2.7857070035069986E-4,0.998849666323689,0.002243587182918727,2.0,479.5,0.01,51384.0
0,800,N/A,0.0,8,100,0.9533351384263062,0.0026884359248998124,1.0008952021925874,2.948243744087531E-4,2.0,497.0,0.01,54480.0
0,800,N/A,0.0,8,200,0.9543142896076416,0.0010674817880966803,0.9977115124604459,0.0013536019221082607,2.0,521.5,0.01,55576.0
0,800,N/A,0.0,16,25,0.9514569388971664,0.002481818821212012,0.9919179670292456,4.1118201883738603E-4,2.0,637.5,0.01,58116.0
0,800,N/A,0.0,16,50,0.9586105323099298,0.0012784761256152688,1.0010195161203164,0.001439140832693253,2.0,698.5,0.01,64667.0
0,800,N/A,0.0,16,100,0.9554507699890524,1.8325841057170722E-4,0.9973141337441686,2.8902090235760625E-5,2.0,712.5,0.01,66892.0
0,800,N/A,0.0,16,200,0.9539251838928149,8.359954927590896E-4,1.0001254575156182,7.960344458117219E-4,2.0,773.5,0.01,74303.0
0,900,N/A,0.0,1,25,0.9416088122053695,7.998211652400222E-4,1.0016076500808628,2.7044685526944612E-5,2.0,158.0,0.01,42173.0
0,900,N/A,0.0,1,50,0.9473965735805249,0.0032769482285300855,0.9990353218679817,9.646781320200026E-4,2.0,182.5,0.01,26776.0
0,900,N/A,0.0,1,100,0.944389968672703,0.004436924695632838,1.0003350580082628,3.3505800826227894E-4,2.0,166.0,0.01,30289.0
0,900,N/A,0.0,1,200,0.94109255714416,0.0032237266751493077,1.0021268637607403,0.0010908299503326058,2.0,169.5,0.01,47962.0
0,900,N/A,0.0,2,25,0.9456164016476336,5.767556176801691E-4,0.9988331905886677,8.931812029269182E-4,2.0,258.5,0.01,47395.0
0,900,N/A,0.0,2,50,0.9494468734247177,0.004862023130630222,0.9986740306937179,0.0013259693062797617,2.0,261.0,0.01,22205.0
0,900,N/A,0.0,2,100,0.9488551820719334,7.958082144264855E-4,1.0000076144796315,9.759814864079841E-5,2.0,262.5,0.01,47093.0
0,900,N/A,0.0,2,200,0.9481569118351709,0.0017298285919385425,1.0000678357132062,0.0017798703632007085,2.0,278.5,0.01,45318.0
0,900,N/A,0.0,4,25,0.9486692800275247,6.481810641686403E-4,0.9977724373792339,1.8484310565836104E-4,2.0,384.0,0.01,47056.0
0,900,N/A,0.0,4,50,0.9571942573758545,0.004971080110670045,1.000904219777618,9.042197776167882E-4,2.0,403.5,0.01,42523.0
0,900,N/A,0.0,4,100,0.9501692091206211,0.0015914484650868532,1.00113098135778,0.001079020440652112,2.0,400.0,0.01,43514.0
0,900,N/A,0.0,4,200,0.9503440622471195,8.661468284688056E-4,0.9997071907396787,0.0023830904275358167,2.0,407.5,0.01,47954.0
0,900,N/A,0.0,8,25,0.951552129824615,1.9062700594008053E-4,0.9979310764282783,0.0016347880631987222,2.0,567.5,0.01,50817.0
0,900,N/A,0.0,8,50,0.9589325796191858,0.007799836125714554,1.0051642726662529,0.009394885779478224,2.0,611.5,0.01,47539.0
0,900,N/A,0.0,8,100,0.9543248458021838,0.002594981195275181,1.0004633289431615,0.0036470152259356903,2.0,618.0,0.01,49573.0
0,900,N/A,0.0,8,200,0.9564014682602127,0.0010443174560294533,1.0027884152213196,3.899342142279494E-4,2.0,641.0,0.01,51268.0
0,900,N/A,0.0,16,25,0.9547868048408092,0.0012662507378564114,1.0012523866132166,0.0038280811548220273,2.0,758.0,0.01,49897.0
0,900,N/A,0.0,16,50,0.9581952365968882,0.0019045595383930802,1.0014807444883624,0.002110923792490893,2.0,830.0,0.01,55205.0
0,900,N/A,0.0,16,100,0.9584710949904349,0.0011636634141594104,1.0009818236759123,7.432062453915922E-4,2.0,933.0,0.01,57368.0
0,900,N/A,0.0,16,200,0.9638049828280746,0.00690415736870198,0.9989963469172808,0.001003653097351509,2.0,933.0,0.01,44745.0
0,1000,N/A,0.0,1,25,0.9413486211006713,0.001776941698736434,0.9959628242724312,0.001045054387728117,2.0,190.5,0.01,26559.0
0,1000,N/A,0.0,1,50,0.9470333998106679,0.00331506071689297,1.0064902614686972,0.006084652912778932,2.0,193.5,0.01,30911.0
0,1000,N/A,0.0,1,100,0.9464371520138964,0.005275997048626357,1.001807685356003,0.0031208480208640976,2.0,194.5,0.01,30918.0
0,1000,N/A,0.0,1,200,0.9442695626462255,8.058717374287427E-4,0.9970972942175611,0.002283309149262558,2.0,193.0,0.01,25140.0
0,1000,N/A,0.0,2,25,0.951420700258447,0.004054965188547421,1.00001762983166,1.7629831662702156E-5,2.0,292.0,0.01,16941.0
0,1000,N/A,0.0,2,50,0.9468343174356129,0.002326708753889628,0.9987119022511548,0.002593428579960033,2.0,280.0,0.01,28568.0
0,1000,N/A,0.0,2,100,0.9499761395370925,0.0013858339345289572,1.0000095269586797,0.0013984687633722404,2.0,302.0,0.01,27906.0
0,1000,N/A,0.0,2,200,0.9479221601277552,0.0022804122857204567,1.0008757627485523,6.996467429165598E-5,2.0,300.5,0.01,28819.0
0,1000,N/A,0.0,4,25,0.9515442435169608,0.0016452116983906584,1.0006736527717126,0.0012848290098271264,2.0,419.5,0.01,29203.0
0,1000,N/A,0.0,4,50,0.9536827952172966,6.2301234711736875E-6,1.0036953760705534,7.070019051770293E-4,2.0,466.0,0.01,40798.0
0,1000,N/A,0.0,4,100,0.9511312679967967,0.0011695186003610747,0.9987631106538422,6.687646139019732E-4,2.0,475.5,0.01,34232.0
0,1000,N/A,0.0,4,200,0.9564426949157374,0.0011483571741842113,0.9998961350115849,0.0036448795201722284,2.0,468.0,0.01,29628.0
0,1000,N/A,0.0,8,25,0.954513997939554,3.2087977679456925E-4,1.0018748236602462,2.4172174297287796E-5,2.0,655.5,0.01,35516.0
0,1000,N/A,0.0,8,50,0.9540235116123712,1.4309830740777407E-4,1.000590691496737,0.0018220040050301867,2.0,710.5,0.01,36892.0
0,1000,N/A,0.0,8,100,0.9559204314391074,8.804278486879702E-4,0.9933903472120404,0.00726723484778824,2.0,686.0,0.01,45311.0
0,1000,N/A,0.0,8,200,0.9546678546566285,0.001413812580967122,0.998125184536377,0.0059214141898581985,2.0,737.5,0.01,56687.0
0,1000,N/A,0.0,16,25,0.9553991144952805,0.0012155201380227298,0.9997475745620399,0.0024595196227828464,2.0,878.5,0.01,57738.0
0,1000,N/A,0.0,16,50,0.9570445909176468,0.0011995992310640524,0.9976115364653088,0.001769765597954942,2.0,911.5,0.01,59258.0
0,1000,N/A,0.0,16,100,0.9654853103687245,0.00872745680923337,1.0111967371071333,0.009288339545995283,2.0,1060.0,0.01,62487.0
0,1000,N/A,0.0,16,200,0.9644473287267098,0.008487413848533687,1.0027696463622329,0.0022163542007676007,2.0,1068.5,0.01,71728.0
1,100,N/A,0.0,1,25,0.902407437325666,0.0011687545745243666,0.9979980360635439,5.949904168746079E-4,2.0,34.5,0.01,31922.0
1,100,N/A,0.0,1,50,0.8998961481270825,0.002002736792637849,0.999245440242283,8.213446966065518E-4,2.0,33.5,0.01,33869.0
1,100,N/A,0.0,1,100,0.9064842194052765,0.0015223772029137606,1.000465440928053,6.228337926800775E-4,2.0,34.5,0.01,32820.0
1,100,N/A,0.0,1,200,0.9166998398620436,0.002391296435614254,1.0010262715115572,2.4339937145279045E-4,2.0,39.5,0.01,31329.0
1,100,N/A,0.0,2,25,0.9141191271384619,0.006136185098797431,1.0005404086962661,0.0013696374303887038,2.0,58.0,0.01,32256.0
1,100,N/A,0.0,2,50,0.9236615607864483,0.004183038881412915,1.0001877065515454,3.387373163838969E-4,2.0,57.5,0.01,32969.0
1,100,N/A,0.0,2,100,0.9199979630994646,5.989539945188693E-4,1.0007716654876735,8.079057328964634E-4,2.0,59.5,0.01,33450.0
1,100,N/A,0.0,2,200,0.9156461640467619,4.830141322254011E-5,0.9961181051688353,3.293213322843047E-4,2.0,56.5,0.01,24284.0
1,100,N/A,0.0,4,25,0.9251904875150458,0.0010479930641244528,1.0001396258101762,0.0012037097510446682,2.0,83.5,0.01,38660.0
1,100,N/A,0.0,4,50,0.9283343557365163,0.002940667954490772,1.0012426698832864,0.002985049564568687,2.0,83.0,0.01,35960.0
1,100,N/A,0.0,4,100,0.9277555615955437,0.002763143631692111,1.002074154929696,2.805239586062269E-4,2.0,86.5,0.01,32705.0
1,100,N/A,0.0,4,200,0.9301423529445307,2.8072463175915496E-4,0.9983452727532018,7.06678796894622E-4,2.0,83.5,0.01,33588.0
1,100,N/A,0.0,8,25,0.9297817810563959,0.0029565401820206283,0.9987235720582994,1.2342416328064987E-4,2.0,119.5,0.01,37609.0
1,100,N/A,0.0,8,50,0.9363546744915499,3.106452706646001E-4,0.9999940399369494,0.001344546402506308,2.0,109.5,0.01,33375.0
1,100,N/A,0.0,8,100,0.9383614802179332,7.562162889554469E-4,0.9998036547503177,1.3917252658252055E-4,2.0,120.5,0.01,42485.0
1,100,N/A,0.0,8,200,0.9399671587650719,0.002132423167004349,1.0001623038952496,7.462004633673747E-4,2.0,126.0,0.01,47032.0
1,100,N/A,0.0,16,25,0.9388962173745087,0.004615716897912292,0.999236892872057,0.0012886004684409813,2.0,142.5,0.01,56176.0
1,100,N/A,0.0,16,50,0.9446411085988604,4.061129719395429E-4,1.001864686165436,2.3263905879267188E-4,2.0,169.0,0.01,70381.0
1,100,N/A,0.0,16,100,0.9420882235446166,0.0015055819538691284,1.0009315335184328,0.002216655943912349,2.0,177.0,0.01,66411.0
1,100,N/A,0.0,16,200,0.9444124867018479,0.0015534887857762136,1.0005923576681803,0.0011379086830097251,2.0,189.5,0.01,61213.0
1,200,N/A,0.0,1,25,0.9212542251457777,2.938129485493546E-4,0.9977075179445503,0.0014759558251082328,2.0,66.0,0.01,54485.0
1,200,N/A,0.0,1,50,0.9162551976383978,0.0010839557139663558,0.9990041975870695,0.0011956923562500554,2.0,73.0,0.01,54710.0
1,200,N/A,0.0,1,100,0.9238242006354678,0.0014404372594599146,0.9969249372984037,0.001547616589277212,2.0,70.0,0.01,51400.0
1,200,N/A,0.0,1,200,0.9170916284504633,0.005519825686612634,0.9997453950553628,4.678519384012092E-4,2.0,62.5,0.01,70332.0
1,200,N/A,0.0,2,25,0.9236735047377995,0.0037143497547555415,0.9977314762275951,2.468221739965193E-5,2.0,104.0,0.01,53627.0
1,200,N/A,0.0,2,50,0.9253883611848258,0.004322335141314859,0.9981745691612438,0.0028929728916775588,2.0,95.0,0.01,48849.0
1,200,N/A,0.0,2,100,0.928625291520207,5.084690651051549E-4,0.998138426658729,0.002747282860465161,2.0,97.0,0.01,59640.0
1,200,N/A,0.0,2,200,0.9267945379042256,1.790962608356761E-4,1.0009496113512775,0.0022456884903909735,2.0,101.5,0.01,60237.0
1,200,N/A,0.0,4,25,0.9363795016500707,0.004850843709570785,0.9975959467396729,0.004598863284236643,2.0,132.0,0.01,63071.0
1,200,N/A,0.0,4,50,0.938022570684883,5.84896363983789E-4,1.0007814881721802,8.049393887577527E-4,2.0,147.5,0.01,62795.0
1,200,N/A,0.0,4,100,0.9382938383992804,0.00230161334000456,1.0017659417844547,1.9935217056787913E-5,2.0,154.5,0.01,62010.0
1,200,N/A,0.0,4,200,0.9363669544303785,0.0017145831055042637,0.9984468653788456,0.0012492114688027467,2.0,144.0,0.01,57363.0
1,200,N/A,0.0,8,25,0.943685277719643,6.642522771604376E-4,1.0002190392936718,3.662395017740572E-4,2.0,200.5,0.01,73636.0
1,200,N/A,0.0,8,50,0.9457571958331237,0.0015504061429226224,0.9999621159029748,2.1190847908120203E-4,2.0,218.5,0.01,65354.0
1,200,N/A,0.0,8,100,0.9475017197623008,0.001245658275335626,1.0059464052251317,0.00427217442382366,2.0,218.5,0.01,71384.0
1,200,N/A,0.0,8,200,0.9441812226039631,3.6141175180581797E-4,1.0025191032757177,0.0017732820652029968,2.0,220.0,0.01,67075.0
1,200,N/A,0.0,16,25,0.9469104554804166,7.337521044720741E-4,0.9990768969003485,4.00565769514416E-5,2.0,270.0,0.01,64927.0
1,200,N/A,0.0,16,50,0.9529137385232285,5.593813946047077E-4,1.005032953319365,5.668491438608481E-4,2.0,307.5,0.01,67331.0
1,200,N/A,0.0,16,100,0.946346900355078,8.832927382035338E-5,0.9956351552478488,0.002779593448991202,2.0,319.0,0.01,72343.0
1,200,N/A,0.0,16,200,0.9516544774920399,0.0014594541235596892,1.0028386095584012,9.298986210155569E-4,2.0,318.0,0.01,76957.0
1,300,N/A,0.0,1,25,0.9249127270918839,0.007963891820759739,1.00170060961859,0.0018256545697721283,2.0,68.5,0.01,52502.0
1,300,N/A,0.0,1,50,0.929622147994412,0.0029936368673980085,1.001020493341521,2.6642177839142356E-4,2.0,76.5,0.01,41437.0
1,300,N/A,0.0,1,100,0.933706361972269,0.002629265993890628,1.0006015146482368,0.0012654904815145307,2.0,87.5,0.01,41675.0
1,300,N/A,0.0,1,200,0.9290815744081066,0.003334203727383578,0.9999280458701549,9.37052292898366E-4,2.0,79.0,0.01,52822.0
1,300,N/A,0.0,2,25,0.9406295114032981,2.623220086954703E-4,0.9987536106277273,0.001701101617702372,2.0,128.5,0.01,48728.0
1,300,N/A,0.0,2,50,0.9361394169393072,0.004845381462852405,0.9994633740843601,0.003366977754347855,2.0,119.5,0.01,51578.0
1,300,N/A,0.0,2,100,0.9355845080136362,0.0075457735012832705,0.9985839693300773,0.0024406103241012,2.0,129.5,0.01,55569.0
1,300,N/A,0.0,2,200,0.93942257655128,0.0034651725295244407,1.0005177192444985,0.005703074612488701,2.0,125.0,0.01,47461.0
1,300,N/A,0.0,4,25,0.9458984664409069,0.002669605601106795,0.999152959937589,0.006566985124757618,2.0,191.5,0.01,47494.0
1,300,N/A,0.0,4,50,0.9428192541790029,3.9658756846927545E-4,1.0016756535448983,6.242284717605795E-4,2.0,183.0,0.01,51304.0
1,300,N/A,0.0,4,100,0.942959050946408,0.0030502567748099674,1.0000790479251787,0.0036735955588571567,2.0,183.5,0.01,50357.0
1,300,N/A,0.0,4,200,0.9454208501383814,0.0012140640383220824,0.9970644927330272,0.0019916302762653104,2.0,179.0,0.01,50341.0
1,300,N/A,0.0,8,25,0.9465125531715466,5.436145790830849E-4,0.9995430748234151,0.001550342198940735,2.0,262.5,0.01,57401.0
1,300,N/A,0.0,8,50,0.9503530827986846,0.0023937936781027735,1.0020269992395887,0.0015111237687545076,2.0,281.5,0.01,46485.0
1,300,N/A,0.0,8,100,0.9515852540632885,0.004214753236572888,1.0035569019962438,0.0031179610595697405,2.0,281.0,0.01,23510.0
1,300,N/A,0.0,8,200,0.9481373586299551,4.461158734286319E-4,0.9980639960388115,7.24119291637848E-4,2.0,284.0,0.01,39988.0
1,300,N/A,0.0,16,25,0.9497824348651833,0.0011603816264469935,1.000538992846963,4.0016852580571083E-4,2.0,338.0,0.01,37543.0
1,300,N/A,0.0,16,50,0.95302876495695,0.001293986715963591,1.004019678040701,0.001701377521929559,2.0,370.0,0.01,27119.0
1,300,N/A,0.0,16,100,0.9529593166724064,1.4964897215136164E-4,1.0020102313494275,0.0025941232392657776,2.0,407.5,0.01,39358.0
1,300,N/A,0.0,16,200,0.9547777801413753,0.0014707362835841285,1.0028912684279292,0.0014017345141381643,2.0,422.5,0.01,28870.0
1,400,N/A,0.0,1,25,0.9333726977031707,0.004194548312379087,1.0000001095670576,7.87593501168582E-4,2.0,93.0,0.01,17515.0
1,400,N/A,0.0,1,50,0.9275828723078894,0.0034273035600959623,0.998354971728072,5.461903797570056E-4,2.0,89.5,0.01,26267.0
1,400,N/A,0.0,1,100,0.9327321007842588,0.0014912064512805356,1.0002283672077223,9.92729582447116E-4,2.0,98.5,0.01,27902.0
1,400,N/A,0.0,1,200,0.9337280070428373,9.760865099803784E-4,1.002178926009916,2.656600634066697E-4,2.0,99.5,0.01,27696.0
1,400,N/A,0.0,2,25,0.9365854386720265,0.0013373964750078016,1.000883769804699,4.374008001858387E-4,2.0,137.5,0.01,26521.0
1,400,N/A,0.0,2,50,0.9438087435968547,6.303051398683923E-4,1.0012583580146655,0.0022362022829019446,2.0,146.0,0.01,25988.0
1,400,N/A,0.0,2,100,0.9403235101428058,0.0025404297640806983,1.0002353051968893,0.0015782964488008644,2.0,142.5,0.01,28503.0
1,400,N/A,0.0,2,200,0.9436201522315726,6.144133675034524E-5,0.9985087055321777,0.0013388119654854647,2.0,142.0,0.01,29856.0
1,400,N/A,0.0,4,25,0.9452253513118378,8.91367632893103E-5,1.002539960015505,0.0016636135402141594,2.0,207.5,0.01,28177.0
1,400,N/A,0.0,4,50,0.9462278443137608,8.436839195686274E-4,0.9990745441277415,0.0010047135419103959,2.0,198.0,0.01,28668.0
1,400,N/A,0.0,4,100,0.947480678104574,0.001301951626539899,1.0007317554069244,0.0016268312397411666,2.0,201.0,0.01,26984.0
1,400,N/A,0.0,4,200,0.9448365250073805,0.0010561841709375575,0.9995325226863043,0.0019668852477764953,2.0,207.5,0.01,30222.0
1,400,N/A,0.0,8,25,0.953848830792319,5.375535756229066E-4,1.0040142126475902,0.0014029019489820715,2.0,274.5,0.01,30062.0
1,400,N/A,0.0,8,50,0.951150660756353,0.0010704033349497877,1.0008715540783566,0.0012411819378587152,2.0,294.5,0.01,30486.0
1,400,N/A,0.0,8,100,0.9515817617018785,0.0012567250485656656,0.9980553733752122,0.0012735986300359547,2.0,301.5,0.01,31345.0
1,400,N/A,0.0,8,200,0.9540578588628583,0.0011500287065419612,1.0003508768648903,0.0035623171574210577,2.0,327.5,0.01,32847.0
1,400,N/A,0.0,16,25,0.9537606236366815,0.0025849157117801003,0.9999392035051127,2.0180630634475394E-4,2.0,357.0,0.01,32007.0
1,400,N/A,0.0,16,50,0.9536534730463944,8.474266164593125E-5,0.9984264911533991,0.001720386295203935,2.0,422.0,0.01,35076.0
1,400,N/A,0.0,16,100,0.9525607651715464,0.003567884390200171,0.9987412918000047,0.002101574113421101,2.0,437.0,0.01,34375.0
1,400,N/A,0.0,16,200,0.9558454040864073,0.0025912672387183866,0.9987867086090165,0.004653485445141825,2.0,478.5,0.01,35409.0
1,500,N/A,0.0,1,25,0.9318468758356432,0.0039020052667010363,0.9953825818224694,0.0024722350683709093,2.0,111.0,0.01,28616.0
1,500,N/A,0.0,1,50,0.9391542049560981,0.0015540091042301474,1.0018223796531434,2.1298726199048268E-4,2.0,121.0,0.01,29426.0
1,500,N/A,0.0,1,100,0.9360604764334949,0.0016400150057898077,0.9966917794065552,8.033826205045003E-5,2.0,115.0,0.01,31214.0
1,500,N/A,0.0,1,200,0.9382621832235147,0.00365722936032159,1.0009213636150824,7.90804686010449E-4,2.0,124.0,0.01,30669.0
1,500,N/A,0.0,2,25,0.9428590473509418,0.0019240691156491296,0.9986034392240734,0.0012801078627879825,2.0,172.0,0.01,32411.0
1,500,N/A,0.0,2,50,0.9472814805825893,0.0032986243695090622,0.9984050547877775,0.006883076158909929,2.0,181.0,0.01,32253.0
1,500,N/A,0.0,2,100,0.9444392793566123,7.035265562415627E-4,0.9997268700145931,5.835634760675834E-4,2.0,183.5,0.01,32952.0
1,500,N/A,0.0,2,200,0.9459209209000883,0.004113658160139977,0.9993657405890224,6.342594109789434E-4,2.0,179.5,0.01,26177.0
1,500,N/A,0.0,4,25,0.9451705301996784,7.858974460497881E-4,0.9933093259398703,0.004417671654869393,2.0,253.0,0.01,35553.0
1,500,N/A,0.0,4,50,0.9468903598201609,0.0015833256491708525,1.0011643237769083,0.0014219823322729197,2.0,267.5,0.01,35384.0
1,500,N/A,0.0,4,100,0.9470726376033071,5.042963639637632E-4,0.9999153798842264,3.616738806258013E-4,2.0,276.0,0.01,36087.0
1,500,N/A,0.0,4,200,0.9460671548814308,0.0019950824844870985,1.0023606026321987,9.564003764810369E-4,2.0,280.0,0.01,40327.0
1,500,N/A,0.0,8,25,0.950582437569917,7.887666654870507E-4,1.0001169254552313,0.0024279882069526693,2.0,371.0,0.01,41319.0
1,500,N/A,0.0,8,50,0.9563646493071851,0.004651833725180243,1.0066258417565832,0.006892807496682418,2.0,396.0,0.01,40345.0
1,500,N/A,0.0,8,100,0.9521552249538106,7.724070337905009E-4,1.0009618011480033,0.002188503313965029,2.0,426.5,0.01,45092.0
1,500,N/A,0.0,8,200,0.9536057271885763,0.0022511441133848398,1.0009605173212461,0.0024935506206869573,2.0,421.5,0.01,45174.0
1,500,N/A,0.0,16,25,0.950845254042436,0.002315837876238236,0.9989345682334814,0.0019102816709702375,2.0,519.0,0.01,51409.0
1,500,N/A,0.0,16,50,0.952128305673796,8.955762573594761E-4,0.9980960854063723,0.002362826385570227,2.0,542.5,0.01,53739.0
1,500,N/A,0.0,16,100,0.95234814233307,8.876911472695537E-4,0.9985820080458395,0.0014000246048575526,2.0,624.0,0.01,56767.0
1,500,N/A,0.0,16,200,0.9544802912456117,6.780813760665083E-5,0.9985185242366207,9.887428499782969E-4,2.0,617.0,0.01,53244.0
1,600,N/A,0.0,1,25,0.9375568860076567,0.0024126109832559584,1.0003898978223216,3.8989782232123904E-4,2.0,124.5,0.01,18574.0
1,600,N/A,0.0,1,50,0.9357186763852514,4.692647327048105E-5,1.0003119198218497,6.591471296737428E-4,2.0,129.5,0.01,35829.0
1,600,N/A,0.0,1,100,0.9400061863844138,0.004038260184345166,1.0023301507875715,0.002276697347565304,2.0,122.5,0.01,34802.0
1,600,N/A,0.0,1,200,0.9397893239087673,9.402237523218893E-4,1.001650503022518,0.0017787764132299877,2.0,135.5,0.01,36003.0
1,600,N/A,0.0,2,25,0.9439535705463595,0.0011464074293704996,0.9989094560656688,1.838997535054676E-4,2.0,210.0,0.01,39700.0
1,600,N/A,0.0,2,50,0.9438127053817913,3.142270938454317E-4,1.0001535072753018,0.0015082068508937008,2.0,195.0,0.01,37611.0
1,600,N/A,0.0,2,100,0.9419531542698483,8.489151119167593E-5,1.0002961333003446,0.0016869205085682237,2.0,214.5,0.01,42626.0
1,600,N/A,0.0,2,200,0.9422006408809327,1.4109762711173035E-4,1.0002856549887582,7.793397636781663E-4,2.0,209.0,0.01,39519.0
1,600,N/A,0.0,4,25,0.9552515642341037,0.005202813939326645,1.0047064433814752,0.005385253440808646,2.0,297.0,0.01,41583.0
1,600,N/A,0.0,4,50,0.9535426116286776,0.0048941352949148365,1.0036640600823725,0.005531347930754493,2.0,300.5,0.01,42811.0
1,600,N/A,0.0,4,100,0.9496574797730505,0.001542888579890267,1.001292587072236,0.0018279936525172902,2.0,303.0,0.01,42844.0
1,600,N/A,0.0,4,200,0.950435567934099,4.67375378324586E-4,1.0000714854082984,0.0017607824933461025,2.0,322.5,0.01,45250.0
1,600,N/A,0.0,8,25,0.9539166775585457,9.976174856113351E-5,1.001765222428562,1.8949697513037655E-5,2.0,415.5,0.01,45431.0
1,600,N/A,0.0,8,50,0.9532300296842087,3.219570549766737E-4,1.001395543442381,0.0012871610468407901,2.0,478.0,0.01,48080.0
1,600,N/A,0.0,8,100,0.9526673583712448,3.7813970232908334E-4,0.9992103797436426,0.0014556900851793175,2.0,478.0,0.01,50316.0
1,600,N/A,0.0,8,200,0.9528188099630835,2.829585674304358E-4,1.001847703919041,5.899374161332238E-4,2.0,474.0,0.01,49678.0
1,600,N/A,0.0,16,25,0.9605486542125192,0.00521032808185512,0.9986601316752558,0.001339868324745086,2.0,578.0,0.01,25794.0
1,600,N/A,0.0,16,50,0.9532133678198933,0.001080753060762052,0.9989210449792509,0.0026811981292607645,2.0,625.0,0.01,51717.0
1,600,N/A,0.0,16,100,0.9563780707227533,0.0030820901700249204,1.002144121039866,0.004419080682960652,2.0,718.5,0.01,56440.0
1,600,N/A,0.0,16,200,0.9569757097655767,4.8302304534580953E-4,1.0002947617143578,0.00340812574737015,2.0,670.0,0.01,55942.0
1,700,N/A,0.0,1,25,0.9458890854358691,0.0013841676082829713,1.0047112975991421,0.0058889464159019855,2.0,137.5,0.01,34840.0
1,700,N/A,0.0,1,50,0.9378663779484062,0.0031343271435034232,0.9986384721830166,0.0015909031056646206,2.0,144.0,0.01,37118.0
1,700,N/A,0.0,1,100,0.9419157516799994,0.007715261741118584,0.9995810871114721,8.5043286726455E-4,2.0,160.0,0.01,36327.0
1,700,N/A,0.0,1,200,0.9382467562847392,8.435946203432798E-4,1.0000768469488843,1.990454251704632E-4,2.0,141.0,0.01,38007.0
1,700,N/A,0.0,2,25,0.946946718152009,0.003941354814510523,1.0008136023122094,0.004931211285066905,2.0,219.5,0.01,33717.0
1,700,N/A,0.0,2,50,0.9462171733512795,0.0026950716770525185,0.9975771677017837,0.0038635585868974087,2.0,235.0,0.01,38708.0
1,700,N/A,0.0,2,100,0.9449883357602895,4.068067037553136E-4,0.9988147991448828,0.0023510881430914843,2.0,228.5,0.01,40252.0
1,700,N/A,0.0,2,200,0.9452956740016818,0.002723347361631878,1.0012580257786112,7.525631971799784E-4,2.0,227.5,0.01,39530.0
1,700,N/A,0.0,4,25,0.9542359085666701,0.0038601452555658833,1.0041539587355763,0.0031171180175931794,2.0,351.5,0.01,34962.0
1,700,N/A,0.0,4,50,0.9509004629640687,1.6411831044266245E-4,1.000223166246461,3.780520551143751E-4,2.0,349.5,0.01,40315.0
1,700,N/A,0.0,4,100,0.9506024649335401,0.0017526770458326513,0.9988746090442585,8.939307306702338E-4,2.0,350.5,0.01,41082.0
1,700,N/A,0.0,4,200,0.9505182159537207,6.879950532899248E-4,1.0020774055435737,0.0013354420807172307,2.0,365.0,0.01,40247.0
1,700,N/A,0.0,8,25,0.95124478741264,3.098970824605418E-5,0.9916044772817943,0.004790390791236221,2.0,502.0,0.01,39205.0
1,700,N/A,0.0,8,50,0.9589927178689359,0.005180128622598035,1.0024505505508894,0.002450550550891162,2.0,544.5,0.01,24020.0
1,700,N/A,0.0,8,100,0.9522655747636062,0.0027113155491427787,1.0016307519075327,0.0022318007246922567,2.0,536.5,0.01,45923.0
1,700,N/A,0.0,8,200,0.9548932683070558,4.31970715137564E-4,0.9996606762025142,0.002405200018671394,2.0,561.0,0.01,42341.0
1,700,N/A,0.0,16,25,0.9533976052375219,1.6489922149304226E-4,0.9921769468834797,0.004814135743070214,2.0,662.5,0.01,40832.0
1,700,N/A,0.0,16,50,0.9561872812520766,0.0021766287167895304,0.9988452401580146,0.0022988611053020858,2.0,786.0,0.01,49019.0
1,700,N/A,0.0,16,100,0.957409940226206,0.0019854149794362175,1.0005710496274984,0.004834579946885353,2.0,813.5,0.01,48974.0
1,700,N/A,0.0,16,200,0.9580316453811172,0.001649708934390537,1.0024596611875203,0.001527635392081117,2.0,837.0,0.01,49982.0
1,800,N/A,0.0,1,25,0.9376772134522746,0.003504180356435904,0.9991190167738901,8.173269677897443E-4,2.0,153.5,0.01,28978.0
1,800,N/A,0.0,1,50,0.9390862792749259,0.0010460762608522356,0.9980018551983709,0.0011038304638925633,2.0,155.5,0.01,33269.0
1,800,N/A,0.0,1,100,0.9397209842578522,7.156075238065608E-4,1.0005744742049942,8.39247688352196E-4,2.0,156.0,0.01,30310.0
1,800,N/A,0.0,1,200,0.942070647932699,0.001333991842594806,1.0001188121415778,1.9689691012936272E-4,2.0,152.5,0.01,31102.0
1,800,N/A,0.0,2,25,0.9422133556627803,0.0014002862868168209,0.9931329952645855,0.005225674638458522,2.0,231.5,0.01,27732.0
1,800,N/A,0.0,2,50,0.9430487196217417,0.0016167712687359392,0.9984096857138876,2.585772727188296E-4,2.0,237.5,0.01,31079.0
1,800,N/A,0.0,2,100,0.9461075175295381,0.0016584778429433178,0.9999923742634704,0.0028453892411456905,2.0,248.5,0.01,26397.0
1,800,N/A,0.0,2,200,0.9484913583476307,8.255596380042918E-4,0.9973007431658922,0.005905085915211383,2.0,250.5,0.01,23900.0
1,800,N/A,0.0,4,25,0.9466893154637779,1.4179432649824575E-4,1.0006993760541483,0.001062395301309027,2.0,364.5,0.01,29874.0
1,800,N/A,0.0,4,50,0.948362254715005,0.0012607234904899456,1.0011897856581027,0.001370261485088231,2.0,361.0,0.01,29354.0
1,800,N/A,0.0,4,100,0.9518448369865538,0.001505477074900896,0.999994543261445,2.1611009613159426E-4,2.0,396.5,0.01,31405.0
1,800,N/A,0.0,4,200,0.9510105464435805,2.501999310378089E-5,1.0013368889866912,1.8240298762661755E-4,2.0,386.0,0.01,31461.0
1,800,N/A,0.0,8,25,0.9525851979125088,2.4572217996621237E-5,0.9978787183094961,0.0023085940966418583,2.0,521.5,0.01,33694.0
1,800,N/A,0.0,8,50,0.9527455803526277,0.0029730061682972098,0.9994093203540946,0.0029256892773717458,2.0,545.0,0.01,33728.0
1,800,N/A,0.0,8,100,0.9507231052104856,9.058547675405704E-4,0.9968151164460806,0.0020831460108086675,2.0,585.0,0.01,36366.0
1,800,N/A,0.0,8,200,0.9511068409238878,0.0017652671985801671,0.9984451035410251,0.001981704323266442,2.0,578.5,0.01,34885.0
1,800,N/A,0.0,16,25,0.953524679807718,1.2038014770632266E-4,0.9991893129015524,0.0018389512136399722,2.0,715.0,0.01,38730.0
1,800,N/A,0.0,16,50,0.9545956416394222,9.548189449307687E-4,1.0026211621651417,0.003631707663180772,2.0,797.5,0.01,39605.0
1,800,N/A,0.0,16,100,0.9512724517214136,0.002889198190929587,0.9971079707078856,0.0024609379886407212,2.0,830.5,0.01,54112.0
1,800,N/A,0.0,16,200,0.956132835326434,8.170190652485587E-4,1.0030274901490137,0.0010512094082467671,2.0,859.5,0.01,52086.0
1,900,N/A,0.0,1,25,0.9418955552371171,8.589888360957532E-4,1.0002882902890065,5.333877486848326E-4,2.0,173.0,0.01,28271.0
1,900,N/A,0.0,1,50,0.943092532617779,0.005834600881447272,1.0032491540839164,0.0035249761529034807,2.0,165.0,0.01,27896.0
1,900,N/A,0.0,1,100,0.9447636373454442,0.0018687120644363953,1.0009194432243924,1.4531315625110341E-4,2.0,179.5,0.01,32158.0
1,900,N/A,0.0,1,200,0.9485625692437307,0.0026842189509639347,0.9995539499480924,4.460500519051225E-4,2.0,170.0,0.01,18586.0
1,900,N/A,0.0,2,25,0.9466050748825156,7.947389414959538E-4,1.0023031350068523,9.335590880809042E-4,2.0,245.0,0.01,32036.0
1,900,N/A,0.0,2,50,0.9452405116606829,0.001565278551088678,1.0016725186002156,0.002627066382944021,2.0,270.0,0.01,33225.0
1,900,N/A,0.0,2,100,0.9478259235487865,0.0026279098246069776,1.0027122476106958,0.00205555411338898,2.0,260.0,0.01,34166.0
1,900,N/A,0.0,2,200,0.9480738738342025,0.0016050431865898829,0.9989469793008913,0.0019318905162019062,2.0,273.0,0.01,35458.0
1,900,N/A,0.0,4,25,0.9504106110566799,5.783558908390996E-4,0.9996889671721717,0.0013360761717090552,2.0,402.0,0.01,39081.0
1,900,N/A,0.0,4,50,0.950343978133412,0.002322721536793637,0.9997011157412562,2.050697962906467E-4,2.0,419.5,0.01,41699.0
1,900,N/A,0.0,4,100,0.951270285336302,6.707382343122403E-4,0.9990594486387214,2.1268195345797158E-4,2.0,403.5,0.01,42729.0
1,900,N/A,0.0,4,200,0.9495032193830996,0.0010051783025379901,0.9978676997956422,6.175827526694877E-4,2.0,406.5,0.01,40861.0
1,900,N/A,0.0,8,25,0.9581269288195554,0.007982780445782378,1.0074377428727974,0.007843287037304025,2.0,548.5,0.01,37756.0
1,900,N/A,0.0,8,50,0.951943948766498,0.0011972601772792246,0.9996348551856364,5.997346550269955E-4,2.0,597.0,0.01,44830.0
1,900,N/A,0.0,8,100,0.9558308951888292,0.0020263405557582326,1.0011443553843105,9.309118263020055E-4,2.0,614.5,0.01,46818.0
1,900,N/A,0.0,8,200,0.953035737830479,0.0020932255509125697,0.9984302731062459,0.002308677533358394,2.0,646.0,0.01,50283.0
1,900,N/A,0.0,16,25,0.9697191006101891,3.0586558707834666E-4,1.0000000000000022,8.881784197001252E-16,2.0,811.5,0.01,2051.0
1,900,N/A,0.0,16,50,0.955749797460876,5.088474283688194E-4,0.9991577597143889,0.0012647994922724282,2.0,866.5,0.01,53081.0
1,900,N/A,0.0,16,100,0.9566442515654395,0.0019328028321893287,0.9990898411137157,0.002043960098265629,2.0,934.0,0.01,55881.0
1,900,N/A,0.0,16,200,0.9643561988602584,0.0063215356770035536,1.001200100014122,0.0012001000141221296,2.0,943.0,0.01,40373.0
1,1000,N/A,0.0,1,25,0.9432757697692473,1.9219766930739235E-4,0.9983324255454784,7.451068488265045E-4,2.0,207.0,0.01,31644.0
1,1000,N/A,0.0,1,50,0.9465413731184427,0.0010542690313455894,1.001278441899068,0.0029143687891906023,2.0,206.0,0.01,32578.0
1,1000,N/A,0.0,1,100,0.9458121694197024,2.653025638295059E-4,1.0024897054870392,6.708937740566023E-4,2.0,201.0,0.01,34100.0
1,1000,N/A,0.0,1,200,0.9416880017604934,1.9337879071518183E-4,0.9988786073204011,9.920757800796487E-4,2.0,201.0,0.01,37113.0
1,1000,N/A,0.0,2,25,0.9532091512031762,0.005175557655415386,1.0054812944412097,0.005037833798035463,2.0,309.5,0.01,31858.0
1,1000,N/A,0.0,2,50,0.9540267716506334,0.004250323228216113,1.0053472417422733,0.004593387536068749,2.0,315.0,0.01,34945.0
1,1000,N/A,0.0,2,100,0.9532542012280699,0.005610247489066134,0.998257946629963,0.001742053370035579,2.0,339.0,0.01,21712.0
1,1000,N/A,0.0,2,200,0.948603848428649,0.0011799621767129564,1.0010210042963341,0.0016191717312261655,2.0,315.0,0.01,36824.0
1,1000,N/A,0.0,4,25,0.9598291971303554,0.004909703339376625,1.0009766578114698,9.76657811466719E-4,2.0,513.5,0.01,27193.0
1,1000,N/A,0.0,4,50,0.9541637850692746,0.0021301968151782313,1.0018775908465403,0.0012502955790441028,2.0,497.0,0.01,39185.0
1,1000,N/A,0.0,4,100,0.9504835463652235,0.0010118529746286908,0.9925583068382086,0.0070178177953357235,2.0,516.0,0.01,35582.0
1,1000,N/A,0.0,4,200,0.9522318118048709,0.0018682805964306826,1.001344966817927,5.937477832085314E-5,2.0,504.5,0.01,47535.0
1,1000,N/A,0.0,8,25,0.9556903965327554,4.240920748122545E-4,1.0044211415687463,7.378289329501575E-4,2.0,732.0,0.01,47796.0
1,1000,N/A,0.0,8,50,0.9559164821764745,7.564090036589755E-4,0.9948230286373746,0.0010994128847116036,2.0,752.0,0.01,46693.0
1,1000,N/A,0.0,8,100,0.9600398483510574,0.005070996628098401,1.000594925040005,9.530694128434547E-5,2.0,789.0,0.01,41749.0
1,1000,N/A,0.0,8,200,0.9644688038212319,0.0056299984574316175,1.0010542343520683,0.0010542343520647535,2.0,787.0,0.01,26143.0
1,1000,N/A,0.0,16,25,0.9570043870430716,2.465476565460256E-4,0.9997975560208348,0.0016445302165386533,2.0,1013.5,0.01,55506.0
1,1000,N/A,0.0,16,50,0.963350155043434,0.009504015157516532,0.9992960500657138,7.039499338482025E-4,2.0,1114.0,0.01,44988.0
1,1000,N/A,0.0,16,100,0.9580548215024015,0.0014373234459832407,1.0031580259288038,3.2250494575336575E-5,2.0,1132.0,0.01,53068.0
1,1000,N/A,0.0,16,200,0.9666303555246131,0.007242508767937528,1.0081333983381962,0.005867902508915335,2.0,1191.0,0.01,53173.0
2,100,N/A,0.0,1,25,0.9057348143761594,0.004352205647812968,0.9974831073495766,0.0014095343253424097,2.0,39.0,0.01,25312.0
2,100,N/A,0.0,1,50,0.9081064445874871,0.004018304336222855,0.9995704659302459,3.438499416744678E-4,2.0,41.0,0.01,25413.0
2,100,N/A,0.0,1,100,0.8981486414394827,0.0038042762857544155,1.0013780909048602,2.4713370297768655E-4,2.0,39.0,0.01,23978.0
2,100,N/A,0.0,1,200,0.9061419257203646,0.0028319529280553812,1.0004556271580345,0.0011124179153476077,2.0,39.5,0.01,23285.0
2,100,N/A,0.0,2,25,0.9203260204775618,0.002291612505598395,1.0019603147627025,2.1365645821724844E-4,2.0,54.5,0.01,24715.0
2,100,N/A,0.0,2,50,0.9237985192136633,0.005779260323970692,1.0043422787491236,0.003303253932105066,2.0,67.0,0.01,18450.0
2,100,N/A,0.0,2,100,0.9212401869881228,0.004842372906261605,0.9994682282016295,2.3692462276247994E-4,2.0,65.5,0.01,25679.0
2,100,N/A,0.0,2,200,0.9212216239161928,5.840028002482289E-4,1.0013211156824773,3.9612410797418285E-5,2.0,65.5,0.01,24121.0
2,100,N/A,0.0,4,25,0.925215657237769,0.0028340823490272116,0.9974518803863741,0.0011838804190215657,2.0,81.0,0.01,24122.0
2,100,N/A,0.0,4,50,0.9297359794075326,0.0017923976280486698,0.9994155597659652,6.157710132911332E-4,2.0,92.0,0.01,25354.0
2,100,N/A,0.0,4,100,0.9279654563035722,4.817059727857398E-5,0.9996386459362183,4.1203404283690626E-4,2.0,78.0,0.01,24441.0
2,100,N/A,0.0,4,200,0.9370399675210077,4.5959352697100275E-4,1.001982021255166,0.0013897190624178044,2.0,94.5,0.01,24775.0
2,100,N/A,0.0,8,25,0.9373551335902937,0.0026701379779704992,1.0041738679456604,0.0030774151629843205,2.0,119.0,0.01,24399.0
2,100,N/A,0.0,8,50,0.9369306843442768,0.003397235941364818,0.9984684905776463,6.607600687634774E-4,2.0,126.0,0.01,24717.0
2,100,N/A,0.0,8,100,0.9384420354896565,6.905995177542423E-4,0.9987196202691104,3.072207065285548E-5,2.0,137.5,0.01,25506.0
2,100,N/A,0.0,8,200,0.9414870863402103,0.0032513991057099845,1.0011791046703928,0.0014055123484612575,2.0,144.0,0.01,24116.0
2,100,N/A,0.0,16,25,0.936231307840304,2.0651641223268236E-4,1.0016507424387222,0.0014524621264349058,2.0,134.0,0.01,25130.0
2,100,N/A,0.0,16,50,0.9417325860396418,6.003180537071939E-4,0.9997997388015616,8.409949542287354E-5,2.0,167.5,0.01,24806.0
2,100,N/A,0.0,16,100,0.9409209834842918,1.2742786447200727E-4,0.9966204103126141,3.3539574797403215E-4,2.0,181.0,0.01,26192.0
2,100,N/A,0.0,16,200,0.9400694053640615,0.0016305890764633513,1.0011854412042156,0.0012657019829813154,2.0,197.5,0.01,25887.0
2,200,N/A,0.0,1,25,0.9252258731299745,0.0016296920746446397,0.9970082582834254,0.004913987332361647,2.0,55.0,0.01,23807.0
2,200,N/A,0.0,1,50,0.9238904111061665,0.0015953236414038008,0.9998418317280443,0.001315821381823512,2.0,55.0,0.01,22948.0
2,200,N/A,0.0,1,100,0.9217808569630698,0.003666594918805832,0.9981153245855046,0.0010199182389484807,2.0,54.0,0.01,20764.0
2,200,N/A,0.0,1,200,0.9214743304724373,0.001230194221944425,0.9986919029458219,2.541860460159584E-4,2.0,62.0,0.01,21066.0
2,200,N/A,0.0,2,25,0.9271186152887587,0.004851317205396222,0.9963036247530739,0.004040318723744496,2.0,82.5,0.01,21610.0
2,200,N/A,0.0,2,50,0.9324975257244441,0.00516232652852977,0.9998996434131571,9.373875260239584E-4,2.0,86.5,0.01,21632.0
2,200,N/A,0.0,2,100,0.9297923024107484,0.0023975951314135213,1.0011834281527496,1.2979562029347136E-4,2.0,82.5,0.01,20942.0
2,200,N/A,0.0,2,200,0.9383100128092643,1.6528242913183E-4,0.9975267050611925,0.0017400806916145206,2.0,89.0,0.01,22192.0
2,200,N/A,0.0,4,25,0.9407482501371514,5.769036463527666E-4,0.9962162971280433,0.0014195337672992525,2.0,139.0,0.01,22789.0
2,200,N/A,0.0,4,50,0.9396342791398039,9.73292863150399E-4,1.0000554709257679,8.878466342224223E-4,2.0,118.5,0.01,22519.0
2,200,N/A,0.0,4,100,0.9350604149813965,8.039162481067175E-4,1.0015939227996533,1.2158200018619336E-4,2.0,123.5,0.01,23094.0
2,200,N/A,0.0,4,200,0.942999303944249,4.3365817696744413E-4,1.0015307191051246,3.350274589128954E-4,2.0,145.0,0.01,23494.0
2,200,N/A,0.0,8,25,0.9486579689420985,0.005282943600287471,1.0003834338946493,0.008843224400241545,2.0,176.0,0.01,20999.0
2,200,N/A,0.0,8,50,0.947484867613712,0.0014583301953300376,1.0007014498477496,9.227372760233776E-4,2.0,203.5,0.01,24076.0
2,200,N/A,0.0,8,100,0.9463388419292849,4.917875691038964E-4,0.9976615309496958,0.002186735437643028,2.0,199.5,0.01,25038.0
2,200,N/A,0.0,8,200,0.9461227429349881,0.0010387493495958022,1.00022357465018,0.0011264415647614379,2.0,209.0,0.01,24415.0
2,200,N/A,0.0,16,25,0.946503228033372,0.0019280541757011882,0.998512825681469,3.621728503850896E-4,2.0,237.5,0.01,25966.0
2,200,N/A,0.0,16,50,0.9483374021954467,5.762286174754161E-4,1.001122118654105,0.0012814853911168878,2.0,256.0,0.01,25265.0
2,200,N/A,0.0,16,100,0.9503646124363553,9.630825916252528E-4,1.0015419608719682,0.0011865394300275556,2.0,300.0,0.01,26831.0
2,200,N/A,0.0,16,200,0.9516706622447055,0.0013811669513661973,1.0014747758165359,4.1032520369432834E-4,2.0,308.0,0.01,26823.0
2,300,N/A,0.0,1,25,0.9260852084815417,9.556075511035766E-4,1.0015994991747237,0.0015994991747261267,2.0,78.5,0.01,11764.0
2,300,N/A,0.0,1,50,0.9193101330489313,6.431210178802771E-4,0.9948325007425685,3.630601648482723E-4,2.0,81.0,0.01,22588.0
2,300,N/A,0.0,1,100,0.9243655233965505,0.001155213742974559,0.9962627880896167,0.0010986099975130448,2.0,74.0,0.01,17725.0
2,300,N/A,0.0,1,200,0.928398436058906,0.0016882496628978227,1.0010898616969772,0.0010233749827407435,2.0,74.5,0.01,21781.0
2,300,N/A,0.0,2,25,0.9359987413099917,0.0033446945809357254,1.0005951734196912,5.691000868225382E-4,2.0,123.5,0.01,24246.0
2,300,N/A,0.0,2,50,0.9347767387648536,5.114668084874596E-4,0.999021369859201,0.0016377101376860437,2.0,124.0,0.01,23036.0
2,300,N/A,0.0,2,100,0.9348668327738789,0.004137767647087676,0.9987428162361144,1.1826273831172518E-4,2.0,122.0,0.01,21404.0
2,300,N/A,0.0,2,200,0.936326834219724,6.242895153208972E-4,1.0012859910088188,0.005071349631989852,2.0,125.0,0.01,24071.0
2,300,N/A,0.0,4,25,0.9421224063611823,8.331546024864522E-5,1.0024932387998913,9.80754910563042E-4,2.0,186.5,0.01,24663.0
2,300,N/A,0.0,4,50,0.9415625642499797,0.0029528888007269716,1.0000265279481864,4.156001029329004E-4,2.0,193.5,0.01,25117.0
2,300,N/A,0.0,4,100,0.9415503897087636,8.135244213427484E-4,0.9984857602729659,2.787757630892118E-4,2.0,197.0,0.01,25855.0
2,300,N/A,0.0,4,200,0.9482403678514033,0.0021145254017609916,1.005616861043379,0.005124410360623499,2.0,201.0,0.01,22218.0
2,300,N/A,0.0,8,25,0.950376476253247,0.0034469869718168344,1.0024591507152267,0.004830700270939403,2.0,260.0,0.01,31835.0
2,300,N/A,0.0,8,50,0.9434462258039749,3.077553683003553E-4,1.0008263073406733,8.418875683334215E-4,2.0,261.5,0.01,31751.0
2,300,N/A,0.0,8,100,0.9431656364883501,2.866461140596521E-4,0.9996728265696688,0.0017088412473677539,2.0,287.5,0.01,32466.0
2,300,N/A,0.0,8,200,0.9447197002466028,5.653176337941379E-4,0.9989149360243743,4.978781947675426E-4,2.0,282.0,0.01,30361.0
2,300,N/A,0.0,16,25,0.9508854338520911,7.345079783318553E-4,1.001115189407653,9.7346250073993E-4,2.0,378.0,0.01,36543.0
2,300,N/A,0.0,16,50,0.9467800219394036,5.287055506091876E-4,0.9982533503475959,0.0014711974035350184,2.0,407.5,0.01,35481.0
2,300,N/A,0.0,16,100,0.9507199542480351,4.4397300125215144E-4,0.9998965956378316,9.668468441761391E-4,2.0,421.0,0.01,36626.0
2,300,N/A,0.0,16,200,0.9481753423986956,8.469804036704831E-4,0.9983302146018136,8.299537841370275E-4,2.0,438.5,0.01,36816.0
2,400,N/A,0.0,1,25,0.9322141488009188,0.00161818961231891,0.9990502273566055,0.001225533039538762,2.0,89.5,0.01,25957.0
2,400,N/A,0.0,1,50,0.9280403527959736,0.00112423686974783,1.001079541932163,3.510074275494546E-4,2.0,98.0,0.01,25929.0
2,400,N/A,0.0,1,100,0.9303824284806578,0.007716689196859305,0.9976366542047281,1.2035864346893188E-5,2.0,93.0,0.01,26126.0
2,400,N/A,0.0,1,200,0.9277766532971337,0.001869242868418608,0.9983522484479628,3.6439000084748097E-4,2.0,88.5,0.01,26642.0
2,400,N/A,0.0,2,25,0.9418061739457886,4.976047234886427E-4,1.001799557789271,1.4523504643815244E-4,2.0,152.5,0.01,26993.0
2,400,N/A,0.0,2,50,0.9452469999207351,0.0017118622740958656,0.9979523742397056,7.045446452458304E-5,2.0,143.5,0.01,25268.0
2,400,N/A,0.0,2,100,0.940884758814806,0.002975859656672908,0.9994922021288815,6.916503532814477E-4,2.0,150.0,0.01,27631.0
2,400,N/A,0.0,2,200,0.9393696910496036,1.8098216183348725E-4,1.0022188927869484,2.0037453238630487E-4,2.0,152.5,0.01,27995.0
2,400,N/A,0.0,4,25,0.9433157922616029,0.0013466123953380094,0.998709128975821,7.168473550089871E-5,2.0,225.5,0.01,28696.0
2,400,N/A,0.0,4,50,0.9463863581292055,6.90587892086314E-4,0.9982642489146871,0.0021994974260609035,2.0,246.0,0.01,31087.0
2,400,N/A,0.0,4,100,0.947912597894501,0.00457608173818147,1.0033638994947727,0.004377921244351046,2.0,211.0,0.01,28739.0
2,400,N/A,0.0,4,200,0.9455339589847372,0.0032123982303963183,1.000249130202589,5.290570815235096E-4,2.0,224.0,0.01,30104.0
2,400,N/A,0.0,8,25,0.9491287834200888,0.001623514201880616,0.9995672660699533,0.002861558163268718,2.0,303.5,0.01,30843.0
2,400,N/A,0.0,8,50,0.9508573672935627,3.181046254437381E-4,0.9999198757242174,0.0022937787656198694,2.0,352.0,0.01,31771.0
2,400,N/A,0.0,8,100,0.9520025267314638,0.0010612073979170966,1.0007014877046057,0.001606582528460132,2.0,354.0,0.01,33696.0
2,400,N/A,0.0,8,200,0.9507361445187172,0.00104722842086874,0.9984834014111861,5.576245126210355E-4,2.0,342.5,0.01,34195.0
2,400,N/A,0.0,16,25,0.9547351718332902,0.002686433626609752,1.0016891429727537,9.340956730152783E-4,2.0,419.0,0.01,32898.0
2,400,N/A,0.0,16,50,0.9517186031212275,8.860614235815523E-4,0.9981303005480169,3.229846767589528E-4,2.0,494.5,0.01,37330.0
2,400,N/A,0.0,16,100,0.959447140760441,0.004941387726067836,1.0053987657083583,0.005900796831305566,2.0,495.0,0.01,32090.0
2,400,N/A,0.0,16,200,0.9560614479564011,7.462895312584372E-4,0.998479046617493,0.002688730037967102,2.0,511.5,0.01,35970.0
2,500,N/A,0.0,1,25,0.9451175425830869,7.907453217219085E-4,1.0044600152233178,0.004272814194357544,2.0,112.0,0.01,25380.0
2,500,N/A,0.0,1,50,0.9348383085374117,0.002580829687306385,0.9997171463966379,2.8046898304212586E-4,2.0,109.0,0.01,27498.0
2,500,N/A,0.0,1,100,0.9389144498865201,9.236041454105393E-4,1.0007158340547455,7.158340547470665E-4,2.0,108.0,0.01,13588.0
2,500,N/A,0.0,1,200,0.9395332040079547,0.0012495798007858272,1.0001262111307048,2.484493613170158E-4,2.0,106.5,0.01,27274.0
2,500,N/A,0.0,2,25,0.9468105473282402,1.252668843515492E-5,1.0003029799352774,2.9743014095495734E-4,2.0,159.0,0.01,27708.0
2,500,N/A,0.0,2,50,0.9414344460798658,5.416654717828595E-4,1.0003030527097208,3.3965728067536505E-4,2.0,172.0,0.01,28736.0
2,500,N/A,0.0,2,100,0.9452634199321286,0.004104086752022285,0.9996468782672057,0.0019895295325287887,2.0,163.5,0.01,29062.0
2,500,N/A,0.0,2,200,0.9467267393142924,0.00509681519642885,1.0008485057806051,0.00559625846870504,2.0,153.0,0.01,27362.0
2,500,N/A,0.0,4,25,0.9498558732862862,9.895454493277223E-4,0.9978882409405061,8.027191326350214E-4,2.0,252.5,0.01,29785.0
2,500,N/A,0.0,4,50,0.9461681805196318,5.8122200538412994E-5,1.0006611951808713,3.380225240132706E-4,2.0,253.0,0.01,31374.0
2,500,N/A,0.0,4,100,0.9479819498888458,7.390831652696606E-4,0.9982254677126026,4.161804685587911E-4,2.0,272.5,0.01,31683.0
2,500,N/A,0.0,4,200,0.9482481719274876,0.002575156623321251,0.99858644088034,0.001411768250511647,2.0,248.5,0.01,30168.0
2,500,N/A,0.0,8,25,0.9526763681648049,5.471989281405354E-4,0.999898570895414,0.0025991079628111535,2.0,361.0,0.01,31919.0
2,500,N/A,0.0,8,50,0.9548203340294028,0.0010935161274397975,1.002142855142192,4.637306306627398E-4,2.0,364.5,0.01,31487.0
2,500,N/A,0.0,8,100,0.9540968747089078,0.0014668283777775073,0.9989261709865642,0.0021014229776472604,2.0,379.5,0.01,34209.0
2,500,N/A,0.0,8,200,0.9562612732890678,4.521827604631601E-4,1.002668385078655,0.004340000611531669,2.0,383.5,0.01,31054.0
2,500,N/A,0.0,16,25,0.9577565821990921,0.005546616168700613,0.9996509009083872,3.4909909160968366E-4,2.0,460.0,0.01,28949.0
2,500,N/A,0.0,16,50,0.9555582984556419,1.9277054104599456E-4,1.0001957746116927,7.721131958834393E-4,2.0,514.5,0.01,36031.0
2,500,N/A,0.0,16,100,0.9560572210480768,6.763090757520018E-4,0.9957862917547462,0.006232676595740061,2.0,538.0,0.01,36000.0
2,500,N/A,0.0,16,200,0.9568438744917556,0.0016083102232643531,1.0053617976682139,0.00464398195140836,2.0,527.5,0.01,36166.0
2,600,N/A,0.0,1,25,0.9337611745246448,0.0028593265708021787,0.9995322551655832,1.4022606724417574E-4,2.0,120.0,0.01,27209.0
2,600,N/A,0.0,1,50,0.9386796729510636,0.005744179462416621,1.0008199490967224,8.199490967247813E-4,2.0,134.5,0.01,15968.0
2,600,N/A,0.0,1,100,0.934032811820976,0.00379793060424205,0.9974533895776234,0.0017829612680370643,2.0,133.5,0.01,27885.0
2,600,N/A,0.0,1,200,0.939395835205634,0.0050059707162453115,1.0046236087016613,0.004749365593446686,2.0,124.5,0.01,27646.0
2,600,N/A,0.0,2,25,0.9427323497394844,2.1396939325829534E-4,1.00042999468064,0.0020688653740231766,2.0,199.0,0.01,29763.0
2,600,N/A,0.0,2,50,0.9414936973455503,0.003490063530990295,0.9983338033151409,0.001663718979253992,2.0,202.5,0.01,29149.0
2,600,N/A,0.0,2,100,0.9427898152051424,7.89822031430909E-4,0.9967695659229312,1.153615789332707E-4,2.0,207.5,0.01,28910.0
2,600,N/A,0.0,2,200,0.9463452222534876,0.001742792239408042,0.9982451924855759,0.0018849250022322517,2.0,203.5,0.01,30014.0
2,600,N/A,0.0,4,25,0.9506330718941287,0.0015272070685806716,1.0025178153720375,0.00386166443449798,2.0,283.5,0.01,31455.0
2,600,N/A,0.0,4,50,0.948111426473604,0.0018885138271108604,0.9994101928384301,1.8391280454987946E-4,2.0,306.5,0.01,32454.0
2,600,N/A,0.0,4,100,0.9492319918698462,0.0013644451279310466,1.001530941722328,5.285622753467001E-4,2.0,305.5,0.01,32424.0
2,600,N/A,0.0,4,200,0.9471045825522417,7.627821069672303E-5,1.0006126945222287,0.002221757863664242,2.0,322.0,0.01,32897.0
2,600,N/A,0.0,8,25,0.9523677506608563,8.039262977734274E-4,0.9996082417039556,6.592758048590275E-5,2.0,424.0,0.01,35526.0
2,600,N/A,0.0,8,50,0.955245141924937,5.95090879367266E-4,1.000988255005806,0.002347084208649264,2.0,461.5,0.01,34755.0
2,600,N/A,0.0,8,100,0.9576955411693564,0.0047169656344306365,1.0000784064012032,7.840640120149178E-5,2.0,445.5,0.01,22046.0
2,600,N/A,0.0,8,200,0.953026418996046,4.432727082346877E-4,1.002922313898826,0.001633049454797919,2.0,465.5,0.01,40636.0
2,600,N/A,0.0,16,25,0.9524564795368606,4.884864649296605E-4,1.0013052616995617,3.3507954805678253E-4,2.0,597.5,0.01,39184.0
2,600,N/A,0.0,16,50,0.9555967777028638,2.1128668610909118E-4,0.9989341716477356,0.0013416034831227885,2.0,638.0,0.01,40158.0
2,600,N/A,0.0,16,100,0.9549795946805902,6.622466162606866E-4,1.0007929028609608,0.0022737677554263147,2.0,670.0,0.01,42330.0
2,600,N/A,0.0,16,200,0.9614758774957444,0.006374993524498718,1.0075785417939067,0.006999982505110247,2.0,715.0,0.01,38440.0
2,700,N/A,0.0,1,25,0.9431292267242579,2.7268842566557927E-4,0.9993136687075577,6.86331292444331E-4,2.0,137.5,0.01,14354.0
2,700,N/A,0.0,1,50,0.9378667768004827,7.5677871493951E-4,0.999849896384172,0.0012377562568961498,2.0,135.5,0.01,25474.0
2,700,N/A,0.0,1,100,0.9376651036729674,2.3552100680435117E-4,1.0015444700626726,6.761419244227795E-4,2.0,144.0,0.01,28434.0
2,700,N/A,0.0,1,200,0.9409984333898784,0.0024157012452257765,1.000913630112417,0.004216669707241771,2.0,139.5,0.01,28342.0
2,700,N/A,0.0,2,25,0.9456718347813704,0.0011181164100723673,0.994607763082662,0.001908656577823964,2.0,205.0,0.01,24420.0
2,700,N/A,0.0,2,50,0.946188563654542,4.8100498553405036E-4,0.9988528957375036,0.0021900327411031317,2.0,217.0,0.01,30033.0
2,700,N/A,0.0,2,100,0.9455563361601345,2.1365643040321958E-4,0.9995563047535524,0.002277620981202433,2.0,225.0,0.01,28328.0
2,700,N/A,0.0,2,200,0.9440158096999071,0.001175643401107651,0.9999800086699389,0.002298985387823027,2.0,211.0,0.01,29206.0
2,700,N/A,0.0,4,25,0.9517961627331148,4.199460087364604E-4,1.0021213885446663,3.738830308295249E-4,2.0,310.0,0.01,30665.0
2,700,N/A,0.0,4,50,0.9575350246643771,0.0018885060709131762,1.0004415106294535,4.415106294473059E-4,2.0,314.5,0.01,18974.0
2,700,N/A,0.0,4,100,0.9509041127709067,6.737093774055181E-4,1.0013736887841749,0.0018168511099894702,2.0,340.5,0.01,31849.0
2,700,N/A,0.0,4,200,0.9500913796397896,5.919387170184587E-4,0.9978329776872639,4.7312042113029085E-4,2.0,339.5,0.01,32694.0
2,700,N/A,0.0,8,25,0.9535968929770466,0.0016164505242197702,1.0028347061352556,3.536708842656333E-4,2.0,433.5,0.01,32607.0
2,700,N/A,0.0,8,50,0.9529501293833635,6.069455456194084E-4,0.9993130311129172,0.0020485788863670584,2.0,475.5,0.01,35648.0
2,700,N/A,0.0,8,100,0.9552210017615783,4.055637570347659E-4,1.0029665868746966,5.689245604193482E-4,2.0,486.0,0.01,33905.0
2,700,N/A,0.0,8,200,0.954348938161684,4.890963235619772E-4,1.0004773371494293,6.955577188083595E-5,2.0,516.0,0.01,37404.0
2,700,N/A,0.0,16,25,0.9509244088971887,0.004969627114510267,0.993265133690641,0.004138020164293432,2.0,600.0,0.01,36295.0
2,700,N/A,0.0,16,50,0.9555723902775164,3.8589840972530487E-4,0.9986785169745583,4.389025992701523E-4,2.0,682.5,0.01,39049.0
2,700,N/A,0.0,16,100,0.9545222847352178,3.989553879201191E-4,0.9993433952867156,8.222318824130381E-4,2.0,706.0,0.01,44646.0
2,700,N/A,0.0,16,200,0.9569026833482898,0.002168084330210651,1.001191312831444,0.0034945832085822026,2.0,732.0,0.01,42155.0
2,800,N/A,0.0,1,25,0.9464403534359875,0.001617130246500731,1.001980153904634,6.449769953775775E-5,2.0,185.0,0.01,27771.0
2,800,N/A,0.0,1,50,0.9396868331356367,0.0025709035665193447,0.9992009935524073,7.945248973117436E-4,2.0,184.5,0.01,29232.0
2,800,N/A,0.0,1,100,0.9428540613963452,0.0026602748771895612,1.0014567974446553,8.190824466456359E-4,2.0,187.5,0.01,29648.0
2,800,N/A,0.0,1,200,0.9433459266675839,0.0037335107894946873,0.9985874047068075,0.0010134604829679095,2.0,177.5,0.01,48864.0
2,800,N/A,0.0,2,25,0.9461943346296102,5.363052035482485E-4,0.995641673956322,0.007589977767129219,2.0,286.0,0.01,41992.0
2,800,N/A,0.0,2,50,0.9466061031101514,4.0780226970110744E-4,0.9942518090539756,0.0034949766602577204,2.0,276.5,0.01,42508.0
2,800,N/A,0.0,2,100,0.9496854280878688,0.0033741999222870467,1.0006897670442196,6.897670442218562E-4,2.0,277.0,0.01,20097.0
2,800,N/A,0.0,2,200,0.9469438492004175,0.0026093249450309663,0.9981807943399412,0.0014962440577651615,2.0,271.0,0.01,38609.0
2,800,N/A,0.0,4,25,0.9523496499811221,2.9738413970142874E-4,0.9969882119112704,5.808785128835758E-4,2.0,393.0,0.01,38356.0
2,800,N/A,0.0,4,50,0.9487240355477715,0.0031460570829762724,0.9997470651321152,0.003915459639655283,2.0,431.0,0.01,39468.0
2,800,N/A,0.0,4,100,0.9510813577275921,1.2773376479419118E-4,1.003637358755051,0.003493631474409953,2.0,421.0,0.01,42065.0
2,800,N/A,0.0,4,200,0.9517108172869724,2.3949022962538313E-4,0.9980001425483831,0.0017727447606642466,2.0,422.5,0.01,40893.0
2,800,N/A,0.0,8,25,0.9521959000820276,0.0015304518862280236,1.0010442767297585,7.758240982892461E-4,2.0,562.5,0.01,46115.0
2,800,N/A,0.0,8,50,0.9553559678552028,0.0013140759301322746,0.9988739125697538,5.498668577275101E-4,2.0,616.5,0.01,46016.0
2,800,N/A,0.0,8,100,0.9592559860332932,0.007281622572584967,1.000177355867021,1.773558670205011E-4,2.0,629.0,0.01,38478.0
2,800,N/A,0.0,8,200,0.9472199349274395,0.0017896736973092575,0.9947987323710595,0.004772727719813741,2.0,660.0,0.01,49951.0
2,800,N/A,0.0,16,25,0.9571649320171125,0.004189528547452637,1.004077584139809,0.003117288555811726,2.0,799.5,0.01,51194.0
2,800,N/A,0.0,16,50,0.9550153951274138,0.0024267742187490393,0.9998950236698392,0.0038172712075959514,2.0,869.0,0.01,54334.0
2,800,N/A,0.0,16,100,0.9526519575988339,0.00154904714367049,0.9947125854902963,0.0015916114259098002,2.0,930.5,0.01,57684.0
2,800,N/A,0.0,16,200,0.9530404334658691,6.883657932604814E-5,0.9951117304557959,0.0018591709900688258,2.0,957.5,0.01,60130.0
2,900,N/A,0.0,1,25,0.9387009888795739,0.004547695220510073,1.0004076628337537,7.12937230469668E-4,2.0,162.0,0.01,32049.0
2,900,N/A,0.0,1,50,0.9427987905436654,0.0020734553162208846,0.9994657518347929,1.6850802457274439E-4,2.0,170.0,0.01,77568.0
2,900,N/A,0.0,1,100,0.9447851628810593,0.0016694059496265012,0.9997310164078892,4.2525215157190877E-4,2.0,173.0,0.01,65512.0
2,900,N/A,0.0,1,200,0.9404055620566535,0.0011268092168061905,0.994364228177011,0.004610755738984285,2.0,168.0,0.01,72262.0
2,900,N/A,0.0,2,25,0.9530641407188234,0.002968483106950248,1.004515079532486,0.0026156669280961165,2.0,258.5,0.01,63725.0
2,900,N/A,0.0,2,50,0.94718527966131,0.002107361156191978,0.9973018439349899,0.0012652394835321878,2.0,269.0,0.01,38745.0
2,900,N/A,0.0,2,100,0.9547218898078533,0.0034894853579526264,1.0000461164844876,4.6116484484381985E-5,2.0,270.5,0.01,20910.0
2,900,N/A,0.0,2,200,0.9461516158830788,0.0027827260293439293,0.9923378926731996,0.005921742307469502,2.0,255.0,0.01,32129.0
2,900,N/A,0.0,4,25,0.9538575001231651,0.0013576065537644344,1.0013341783119856,3.8110910525768205E-4,2.0,394.0,0.01,43745.0
2,900,N/A,0.0,4,50,0.9532729967222611,0.0012849133755371,1.0024540135859863,0.0021751180753731836,2.0,412.0,0.01,44565.0
2,900,N/A,0.0,4,100,0.9525204593307138,4.673117363148682E-4,0.9995807756649537,0.002293828066101844,2.0,399.5,0.01,45844.0
2,900,N/A,0.0,4,200,0.9573412430735408,0.004652944690779093,0.99958878409881,4.112159011908645E-4,2.0,393.5,0.01,41829.0
2,900,N/A,0.0,8,25,0.9542074286501401,0.0010059838425640621,0.9994533685728179,0.0017269257610862399,2.0,571.5,0.01,57692.0
2,900,N/A,0.0,8,50,0.9607251923817715,0.006117879083501199,1.0071750782972115,0.006889913239887191,2.0,590.5,0.01,48546.0
2,900,N/A,0.0,8,100,0.9548228843973829,0.0022113369052717546,1.0000162738145817,0.005087011226374394,2.0,613.0,0.01,104321.0
2,900,N/A,0.0,8,200,0.9607591619718694,0.006140688675457084,1.0003363203332087,3.3632033321173704E-4,2.0,613.5,0.01,62653.0
2,900,N/A,0.0,16,25,0.9529601380727426,1.682783801985055E-4,0.9960420160175679,0.001147885074951005,2.0,781.0,0.01,117411.0
2,900,N/A,0.0,16,50,0.9557007941029108,0.0012713755853823172,1.0024034405952085,1.2303840253735654E-4,2.0,834.0,0.01,116222.0
2,900,N/A,0.0,16,100,0.9578747645962541,8.480853408924238E-4,1.0005893844503413,7.611414439789854E-5,2.0,883.0,0.01,113772.0
2,900,N/A,0.0,16,200,0.9568180959724562,9.02494016482569E-5,0.9995204492511535,1.0133712118332028E-6,2.0,909.0,0.01,117473.0
2,1000,N/A,0.0,1,25,0.9412341865888432,0.0023069732141589028,1.0008687705492794,0.0011312055108989583,2.0,189.0,0.01,74517.0
2,1000,N/A,0.0,1,50,0.9418272865020092,0.003203504416616376,0.9996579801250747,0.0013380141950355973,2.0,178.0,0.01,67210.0
2,1000,N/A,0.0,1,100,0.9501773145492726,0.006409746088750223,1.0000846289189638,2.709142626106109E-4,2.0,189.0,0.01,80140.0
2,1000,N/A,0.0,1,200,0.9446565490692842,9.448108157705248E-4,0.999658219182032,0.0012621320515346923,2.0,206.5,0.01,81024.0
2,1000,N/A,0.0,2,25,0.9495967260492628,0.0030272419627099256,1.005942394307362,0.004403750096253045,2.0,265.5,0.01,80186.0
2,1000,N/A,0.0,2,50,0.949252919444058,0.002397334085534053,0.9964951599828487,0.005410935717914844,2.0,293.5,0.01,52545.0
2,1000,N/A,0.0,2,100,0.9483082571011106,3.760171288680336E-4,0.9977703778669624,7.961666838406933E-4,2.0,291.0,0.01,59734.0
2,1000,N/A,0.0,2,200,0.9485242724563259,0.00304050197740946,0.9990232341046112,0.002850122070499006,2.0,306.0,0.01,57089.0
2,1000,N/A,0.0,4,25,0.9497951907834381,8.744836005619706E-5,1.0011658391334264,4.8083609203941613E-4,2.0,440.0,0.01,32529.0
2,1000,N/A,0.0,4,50,0.9519171827235837,2.8723130583829803E-5,1.001846156492888,7.089545772449579E-4,2.0,446.5,0.01,34895.0
2,1000,N/A,0.0,4,100,0.9528669375550682,0.004567524784570287,1.002011529626619,0.005181322771704577,2.0,447.0,0.01,34580.0
2,1000,N/A,0.0,4,200,0.9508754747316301,7.42734393524791E-4,0.9976587973105203,0.0012764943441431198,2.0,441.5,0.01,37563.0
2,1000,N/A,0.0,8,25,0.9544201112083897,0.0016007200275076072,0.9989100810541794,0.003462622839941365,2.0,629.0,0.01,40060.0
2,1000,N/A,0.0,8,50,0.9541712720182518,9.746013700687728E-4,1.0002584709946118,0.0011479835926165305,2.0,660.5,0.01,38088.0
2,1000,N/A,0.0,8,100,0.9578409607430709,0.001533838334665083,1.0016096669886667,0.0029936495864203994,2.0,678.0,0.01,40692.0
2,1000,N/A,0.0,8,200,0.9567397375867166,0.0026698828964639154,1.001198132543911,4.278052262796095E-4,2.0,692.5,0.01,40514.0
2,1000,N/A,0.0,16,25,0.9526423986466146,0.0014474159284236232,0.9950196771002768,0.0023988466029519206,2.0,853.5,0.01,43865.0
2,1000,N/A,0.0,16,50,0.9572572280198933,5.870731981816313E-4,0.999546674696095,3.190051828078633E-4,2.0,921.5,0.01,45626.0
2,1000,N/A,0.0,16,100,0.9553277777078322,0.0013691517432396494,0.9985848344446079,0.0013874719122901613,2.0,1029.0,0.01,48238.0
2,1000,N/A,0.0,16,200,0.9584507968172186,3.0476861512973574E-4,1.0017865657620275,0.0013844071586966988,2.0,1035.5,0.01,50157.0
0,100,oa,0.25,1,25,0.9045459607438276,0.0034843275362475,0.9990905717052014,6.650587471713765E-4,2.0,49.5,0.01,22102.0
0,100,oa,0.25,1,50,0.9049378852838088,8.817373823755692E-4,1.001991385525326,0.0020882192596086147,2.0,46.0,0.01,22504.0
0,100,oa,0.25,1,100,0.9018154024921539,4.893545720487946E-4,0.9997756050471974,3.84160305209158E-4,2.0,42.0,0.01,22652.0
0,100,oa,0.25,1,200,0.9059029810858954,0.0024176462392632714,1.0005764471678031,0.0021043031127879197,2.0,47.5,0.01,18703.0
0,100,oa,0.25,2,25,0.9239590414168769,0.00551952562142799,1.0029774891027612,0.0021512938498524647,2.0,81.0,0.01,22838.0
0,100,oa,0.25,2,50,0.9140292403217298,0.0019683039070083064,1.0001158436324555,8.426564354069299E-7,2.0,85.0,0.01,23697.0
0,100,oa,0.25,2,100,0.9225626521901964,6.700591182866034E-4,0.9992386718857098,1.7408254898265696E-4,2.0,84.0,0.01,25084.0
0,100,oa,0.25,2,200,0.9210033032179017,0.001203304234780267,0.9994638060245842,5.830061549720877E-4,2.0,82.0,0.01,23474.0
0,100,oa,0.25,4,25,0.9327958350484515,0.0017472645923335972,0.9979995902892904,0.001736452932557142,2.0,125.0,0.01,25795.0
0,100,oa,0.25,4,50,0.9334309021273222,0.003188610853914031,0.9998281579674944,1.7184203250780739E-4,2.0,135.0,0.01,12546.0
0,100,oa,0.25,4,100,0.9295975699103474,3.906486514146379E-4,0.9988461273173646,9.613309327458075E-4,2.0,120.0,0.01,24567.0
0,100,oa,0.25,4,200,0.9316294071229914,0.001476306625355972,0.9996779373538813,0.0011080996812373733,2.0,126.5,0.01,26442.0
0,100,oa,0.25,8,25,0.9394317848553961,0.006305255282676281,1.0009588704349492,9.588704349485777E-4,2.0,186.5,0.01,21402.0
0,100,oa,0.25,8,50,0.9369798801912319,0.0015308796424868265,0.9985611087340419,0.0023121928607886533,2.0,174.0,0.01,27596.0
0,100,oa,0.25,8,100,0.9407359672579172,0.0022902322607413206,0.9995109960417882,4.17649141617904E-4,2.0,195.5,0.01,28569.0
0,100,oa,0.25,8,200,0.9427154701583587,2.512616893056152E-4,1.0003195405549816,2.3429700513410978E-4,2.0,197.0,0.01,26313.0
0,100,oa,0.25,16,25,0.9449809471663728,6.935290219117762E-5,1.0018491628717254,0.0010368406253463691,2.0,225.0,0.01,27298.0
0,100,oa,0.25,16,50,0.9496079559093789,8.063536434368412E-4,1.0005462007269208,0.0039309869883093485,2.0,302.0,0.01,30027.0
0,100,oa,0.25,16,100,0.9451179351383531,0.004007549124566578,0.9994178539770728,0.0029429276628681333,2.0,294.0,0.01,29076.0
0,100,oa,0.25,16,200,0.9486240786224809,5.33652053500977E-5,1.001365718255047,7.843615171028162E-4,2.0,300.0,0.01,29259.0
